fish_id,image
05LARV0002,05LARV0002
05LARV0003,05LARV0003
05LARV0004,05LARV0004
05LARV0005,05LARV0005
05LARV0006,05LARV0006b
05LARV0007,05LARV0007
05LARV0008,05LARV0008
05LARV0009,05LARV0009
05LARV0010,05LARV0010
05LARV0011,05LARV0011
05LARV0013,05LARV0013
05LARV0014,05LARV0014
05LARV0015,05LARV0015
05LARV0016,05LARV0016
05LARV0017,05LARV0017
05LARV0018,05LARV0018
05LARV0019,05LARV0019
05LARV0020,05LARV0020
05LARV0021,05LARV0021
05LARV0022,05LARV0022
05LARV0023,05LARV0023
05LARV0024,05LARV0024
05LARV0025,05LARV0025
05LARV0026,05LARV0026
05LARV0027,05LARV0027
05LARV0028,05LARV0028
05LARV0029,05LARV0029
05LARV0030,05LARV0030
05LARV0031,05LARV0031
05LARV0032,05LARV0032
05LARV0033,05LARV0033
05LARV0034,05LARV0034
05LARV0035,05LARV0035
05LARV0036,05LARV0036
05LARV0037,05LARV0037
05LARV0038,05LARV0038
05LARV0040,05LARV0040
05LARV0042,05LARV0042
05LARV0043,05LARV0043
05LARV0044,05LARV0044
05LARV0045,05LARV0045
05LARV0046,05LARV0046
05LARV0047,05LARV0047
05LARV0048,05LARV0048
05LARV0049,05LARV0049
05LARV0050,05LARV0050
05LARV0051,05LARV0051
05LARV0052,05LARV0052
05LARV0053,05LARV0053
05LARV0054,05LARV0054
05LARV0055,05LARV0055
05LARV0056,05LARV0056
05LARV0057,05LARV0057
05LARV0058,05LARV0058
05LARV0059,05LARV0059
05LARV0060,05LARV0060
05LARV0061,05LARV0061
05LARV0062,05LARV0062
05LARV0063,05LARV0063
05LARV0064,05LARV0064
05LARV0066,05LARV0066
05LARV0067,05LARV0067
05LARV0068,05LARV0068
05LARV0069,05LARV0069
05LARV0070,05LARV0070
05LARV0071,05LARV0071
05LARV0072,05LARV0072
05LARV0073,05LARV0073
05LARV0074,05LARV0074
05LARV0075,05LARV0075
05LARV0077,05LARV0077
05LARV0078,05LARV0078
05LARV0079,05LARV0079
05LARV0080,05LARV0080
05LARV0081,05LARV0081
05LARV0082,05LARV0082
05LARV0083,05LARV0083
05LARV0086,05LARV0086
05LARV0087,05LARV0087
05LARV0088,05LARV0088
05LARV0090,05LARV0090
05LARV0091,05LARV0091
05LARV0092,05LARV0092
05LARV0093,05LARV0093
05LARV0094,05LARV0094
05LARV0096,05LARV0096
05LARV0097,05LARV0097
05LARV0098,05LARV0098
05LARV0099,05LARV0099
05LARV0100,05LARV0100
05LARV0101,05LARV0101
05LARV0102,05LARV0102
05LARV0103,05LARV0103
05LARV0104,05LARV0104
05LARV0105,05LARV0105
05LARV0106,05LARV0106
05LARV0107,05LARV0107
05LARV0108,05LARV0108
05LARV0109,05LARV0109
05LARV0110,05LARV0110
05LARV0111,05LARV0111
05LARV0112,05LARV0112
05LARV0113,05LARV0113
05LARV0114,05LARV0114
05LARV0115,05LARV0115
05LARV0116,05LARV0116
05LARV0117,05LARV0117
05LARV0118,05LARV0118
05LARV0119,05LARV0119
05LARV0120,05LARV0120
05LARV0121,05LARV0121
05LARV0122,05LARV0122
05LARV0123,05LARV0123
05LARV0124,05LARV0124
05LARV0125,05LARV0125
05LARV0126,05LARV0126
05LARV0127,05LARV0127
05LARV0128,05LARV0128
05LARV0129,05LARV0129
05LARV0130,05LARV0130
05LARV0131,05LARV0131
05LARV0132,05LARV0132
05LARV0133,05LARV0133
05LARV0134,05LARV0134
05LARV0135,05LARV0135
05LARV0136,05LARV0136
05LARV0137,05LARV0137
05LARV0138,05LARV0138
05LARV0139,05LARV0139
05LARV0140,05LARV0140
05LARV0141,05LARV0141
05LARV0142,05LARV0142
05LARV0144,05LARV0144
05LARV0145,05LARV0145
05LARV0147,05LARV0147
05LARV0148,05LARV0148
05LARV0149,05LARV0149
05LARV0150,05LARV0150
05LARV0151,05LARV0151
05LARV0152,05LARV0152
05LARV0153,05LARV0153
05LARV0154,05LARV0154
05LARV0155,05LARV0155
05LARV0156,05LARV0156
05LARV0157,05LARV0157
05LARV0158,05LARV0158
05LARV0159,05LARV0159
05LARV0160,05LARV0160
05LARV0161,05LARV0161
05LARV0162,05LARV0162
05LARV0163,05LARV0163
05LARV0164,05LARV0164
05LARV0165,05LARV0165
05LARV0166,05LARV0166
05LARV0167,05LARV0167
05LARV0168,05LARV0168
05LARV0169,05LARV0169
05LARV0170,05LARV0170
05LARV0171,05LARV0171
05LARV0172,05LARV0172
05LARV0173,05LARV0173
05LARV0174,05LARV0174
05LARV0175,05LARV0175
05LARV0176,05LARV0176
05LARV0177,05LARV0177
05LARV0178,05LARV0178
05LARV0179,05LARV0179
05LARV0180,05LARV0180
05LARV0181,05LARV0181
05LARV0182,05LARV0182
05LARV0183,05LARV0183
05LARV0184,05LARV0184
05LARV0185,05LARV0185
05LARV0186,05LARV0186
05LARV0187,05LARV0187
05LARV0188,05LARV0188
05LARV0189,05LARV0189
05LARV0190,05LARV0190
05LARV0191,05LARV0191
05LARV0192,05LARV0192
05LARV0193,05LARV0193
05LARV0194,05LARV0194
05LARV0195,05LARV0195
05LARV0196,05LARV0196
05LARV0197,05LARV0197
05LARV0198,05LARV0198
05LARV0199,05LARV0199
05LARV0200,05LARV0200
05LARV0201,05LARV0201
05LARV0202,05LARV0202
05LARV0203,05LARV0203
05LARV0204,05LARV0204
05LARV0205,05LARV0205
05LARV0206,05LARV0206
05LARV0207,05LARV0207
05LARV0208,05LARV0208
05LARV0209,05LARV0209
05LARV0212,05LARV0212
05LARV0213,05LARV0213
05LARV0214,05LARV0214
05LARV0215,05LARV0215
05LARV0216,05LARV0216
05LARV0217,05LARV0217
05LARV0218,05LARV0218
05LARV0219,05LARV0219
05LARV0220,05LARV0220
05LARV0221,05LARV0221
05LARV0222,05LARV0222
05LARV0223,05LARV0223
05LARV0224,05LARV0224
05LARV0225,05LARV0225
05LARV0226,05LARV0226
05LARV0227,05LARV0227
05LARV0228,05LARV0228
05LARV0229,05LARV0229
05LARV0230,05LARV0230
05LARV0231,05LARV0231
05LARV0232,05LARV0232
05LARV0233,05LARV0233
05LARV0234,05LARV0234
05LARV0235,05LARV0235
05LARV0236,05LARV0236
05LARV0237,05LARV0237
05LARV0238,05LARV0238
05LARV0239,05LARV0239
05LARV0240,05LARV0240
05LARV0241,05LARV0241
05LARV0242,05LARV0242
05LARV0243,05LARV0243
05LARV0244,05LARV0244
05LARV0245,05LARV0245
05LARV0246,05LARV0246
05LARV0247,05LARV0247
05LARV0249,05LARV0249
05LARV0250,05LARV0250
05LARV0251,05LARV0251
05LARV0252,05LARV0252
05LARV0253,05LARV0253
05LARV0254,05LARV0254
05LARV0255,05LARV0255
05LARV0256,05LARV0256
05LARV0257,05LARV0257
05LARV0258,05LARV0258
05LARV0259,05LARV0259
05LARV0260,05LARV0260
05LARV0261,05LARV0261
05LARV0262,05LARV0262
05LARV0263,05LARV0263
05LARV0264,05LARV0264
05LARV0265,05LARV0265
05LARV0266,05LARV0266
05LARV0267,05LARV0267
05LARV0268,05LARV0268
05LARV0269,05LARV0269
05LARV0270,05LARV0270
05LARV0271,05LARV0271
05LARV0272,05LARV0272
05LARV0273,05LARV0273
05LARV0274,05LARV0274
05LARV0275,05LARV0275
05LARV0276,05LARV0276
05LARV0277,05LARV0277
05LARV0278,05LARV0278
05LARV0279,05LARV0279
05LARV0280,05LARV0280
05LARV0281,05LARV0281
05LARV0282,05LARV0282
05LARV0283,05LARV0283
05LARV0284,05LARV0284
05LARV0285,05LARV0285
05LARV0286,05LARV0286
05LARV0287,05LARV0287
05LARV0288,05LARV0288
05LARV0289,05LARV0289
05LARV0290,05LARV0290
05LARV0291,05LARV0291
05LARV0292,05LARV0292
05LARV0293,05LARV0293
05LARV0294,05LARV0294
05LARV0295,05LARV0295
05LARV0296,05LARV0296
05LARV0297,05LARV0297
05LARV0298,05LARV0298
05LARV0299,05LARV0299
05LARV0300,05LARV0300
05LARV0301,05LARV0301
05LARV0302,05LARV0302
05LARV0303,05LARV0303
05LARV0304,05LARV0304
05LARV0305,05LARV0305
05LARV0306,05LARV0306
05LARV0307,05LARV0307
05LARV0308,05LARV0308
05LARV0309,05LARV0309
05LARV0310,05LARV0310
05LARV0311,05LARV0311
05LARV0312,05LARV0312
05LARV0313,05LARV0313
05LARV0314,05LARV0314
05LARV0315,05LARV0315
05LARV0316,05LARV0316
05LARV0317,05LARV0317
05LARV0318,05LARV0318
05LARV0319,05LARV0319
05LARV0320,05LARV0320
05LARV0321,05LARV0321
05LARV0322,05LARV0322
05LARV0323,05LARV0323
05LARV0324,05LARV0324
05LARV0325,05LARV0325
05LARV0326,05LARV0326
05LARV0327,05LARV0327
05LARV0328,05LARV0328
05LARV0329,05LARV0329
05LARV0330,05LARV0330
05LARV0331,05LARV0331
05LARV0332,05LARV0332
05LARV0333,05LARV0333
05LARV0334,05LARV0334
05LARV0335,05LARV0335
05LARV0336,05LARV0336
1/01/01j8,1v01v01j8
1/01/01j9,1v01v01j9
1/12/01j27,1v12v01j27
10/12/01j11,10v12v01j11
10/12/01j21,10v12v01j21
10/12/01j28,10v12v01j28
10/12/01j33,10v12v01j33
10/12/01j6,10v12v01j6
11/12/01j38,11v12v01j38
11/12/01j39,11v12v01j39
11/12/01j46,11v12v01j46
12/11/01j21,12v11v01j21
12/12/01j10,12v12v01j10
12/12/01j12,12v12v01j12
12/12/01j14,12v12v01j14
12/12/01j15,12v12v01j15
12/12/01j16,12v12v01j16
12/12/01j18,12v12v01j18
12/12/01j19,12v12v01j19
12/12/01j20,12v12v01j20
12/12/01j29,12v12v01j29
12/12/01j3,12v12v01j3
12/12/01j30,12v12v01j30
12/12/01j31,12v12v01j31
12/12/01j37,12v12v01j37
12/12/01j39,12v12v01j39
12/12/01j40,12v12v01j40
12/12/01j41,12v12v01j41
12/12/01j9,12v12v01j9
13/12/01j14,13v12v01j14
14/11/01j5,14v11v01j5
14/11/01j6,14v11v01j6
14/11/01j7,14v11v01j7
14/11/01j9,14v11v01j9
14/12/00j23,14v12v00j23
14/12/00j28,14v12v00j28
14/12/01j12,14v12v01j12
14/12/01j19,14v12v01j19
14/12/01j20,14v12v01j20
14/12/01j21,14v12v01j21
14/12/01j25,14v12v01j25
14/12/01j26,14v12v01j26
14/12/01j28,14v12v01j28
14/12/01j32,14v12v01j32
14/12/01j34,14v12v01j34
14/12/01j4,14v12v01j4
14/12/01j6,14v12v01j6
15/12/00j18,15v12v00j18
15/12/00j30,15v12v00j30
15/12/00j4,15v12v00j4
15/12/00j6,15v12v00j6
15/12/00j8,15v12v00j8
15/12/00j9,15v12v00j9
15/12/01j10,15v12v01j10
15/12/01j22,15v12v01j22
15/12/01j3,15v12v01j3
15/12/01j30,15v12v01j30
15/12/01j39,15v12v01j39
15/12/01j42,15v12v01j42
16/11/01j14,16v11v01j14
16/11/01j15,16v11v01j15
16/11/01j16,16v11v01j16
16/11/01j18,16v11v01j18
16/11/01j19,16v11v01j19
16/11/01j20,16v11v01j20
16/11/01j31,16v11v01j31
16/12/00j25,16v12v00j25
16/12/00j27,16v12v00j27
16/12/01j10,16v12v01j10
16/12/01j14,16v12v01j14
16/12/01j15,16v12v01j15
16/12/01j27,16v12v01j27
16/12/01j28,16v12v01j28
16/12/01j29,16v12v01j29
16/12/01j3,16v12v01j3
16/12/01j30,16v12v01j30
16/12/01j33,16v12v01j33
16/12/01j34,16v12v01j34
16/12/01j37,16v12v01j37
16/12/01j39,16v12v01j39
16/12/01j41,16v12v01j41
16/12/01j9,16v12v01j9
17/11/01j10,17v11v01j10
17/11/01j11,17v11v01j11
17/11/01j20,17v11v01j20
17/11/01j21,17v11v01j21
17/11/01j23,17v11v01j23
17/11/01j24,17v11v01j24
17/11/01j25,17v11v01j25
17/11/01j27,17v11v01j27
17/11/01j29,17v11v01j29
17/11/01j30,17v11v01j30
17/11/01j31,17v11v01j31
17/11/01j32,17v11v01j32
17/11/01j37,17v11v01j37
17/11/01j38,17v11v01j38
17/11/01j39,17v11v01j39
17/11/01j40,17v11v01j40
17/11/01j41,17v11v01j41
17/11/01j42,17v11v01j42
17/12/01j16,17v12v01j16
17/12/01j18,17v12v01j18
17/12/01j19,17v12v01j19
17/12/01j21,17v12v01j21
17/12/01j24,17v12v01j24
17/12/01j25,17v12v01j25
17/12/01j28,17v12v01j28
17/12/01j3,17v12v01j3
17/12/01j32,17v12v01j32
17/12/01j38,17v12v01j38
17/12/01j4,17v12v01j4
17/12/01j42,17v12v01j42
17/12/01j5,17v12v01j5
18/11/01j11,18v11v01j11
18/11/01j14,18v11v01j14
18/11/01j28,18v11v01j28
18/11/01j35,18v11v01j35
18/11/01j40,18v11v01j40
18/11/01j42,18v11v01j42
18/12/01j14,18v12v01j14
18/12/01j22,18v12v01j22
18/12/01j33,18v12v01j33
18/12/01j36,18v12v01j36
19/11/01j19,19v11v01j19
19/11/01j20,19v11v01j20
19/11/01j25,19v11v01j25
19/11/01j29,19v11v01j29
19/11/01j34,19v11v01j34
19/11/01j39,19v11v01j39
19/11/01j42,19v11v01j42
19/11/01j9,19v11v01j9
19/12/00j11,19v12v00j11
19/12/00j25,19v12v00j25
19/12/00j26,19v12v00j26
19/12/00j27,19v12v00j27
19/12/01j18,19v12v01j18
19/12/01j25,19v12v01j25
19/12/01j30,19v12v01j30
19/12/01j31,19v12v01j31
19/12/01j42,19v12v01j42
19/12/01j6,19v12v01j6
2/01/01j19,2v01v01j19
20/11/01j15,20v11v01j15
20/11/01j18,20v11v01j18
20/11/01j20,20v11v01j20
20/11/01j24,20v11v01j24
20/11/01j28,20v11v01j28
20/11/01j42,20v11v01j42
20/12/00j10,20v12v00j10
20/12/00j12,20v12v00j12
20/12/00j14,20v12v00j14
20/12/00j16,20v12v00j16
20/12/00j18,20v12v00j18
20/12/00j2,20v12v00j2
20/12/00j23,20v12v00j23
20/12/00j4,20v12v00j4
20/12/00j5,20v12v00j5
20/12/00j6,20v12v00j6
20/12/00j7,20v12v00j7
20/12/00j9,20v12v00j9
20/12/01j10,20v12v01j10
20/12/01j15,20v12v01j15
20/12/01j16,20v12v01j16
20/12/01j19,20v12v01j19
20/12/01j23,20v12v01j23
20/12/01j25,20v12v01j25
20/12/01j26,20v12v01j26
20/12/01j27,20v12v01j27
20/12/01j3,20v12v01j3
20/12/01j30,20v12v01j30
20/12/01j37,20v12v01j37
20/12/01j41,20v12v01j41
20/12/01j42,20v12v01j42
20/12/01j5,20v12v01j5
21/11/00j10,21v11v00j10
21/11/00j12,21v11v00j12
21/11/00j13,21v11v00j13
21/11/00j14,21v11v00j14
21/11/00j15,21v11v00j15
21/11/00j16,21v11v00j16
21/11/00j18,21v11v00j18
21/11/00j19,21v11v00j19
21/11/00j20,21v11v00j20
21/11/00j21,21v11v00j21
21/11/00j3,21v11v00j3
21/11/00j9,21v11v00j9
21/11/01j15,21v11v01j15
21/11/01j20,21v11v01j20
21/11/01j26,21v11v01j26
21/11/01j9,21v11v01j9
21/12/00j15,21v12v00j15
21/12/00j16,21v12v00j16
21/12/00j19,21v12v00j19
21/12/00j23,21v12v00j23
21/12/00j25,21v12v00j25
21/12/00j9,21v12v00j9
21/12/01j15,21v12v01j15
21/12/01j16,21v12v01j16
21/12/01j25,21v12v01j25
21/12/01j26,21v12v01j26
21/12/01j27,21v12v01j27
21/12/01j31,21v12v01j31
21/12/01j5,21v12v01j5
22/11/00j30,22v11v00j30
22/11/00j5,22v11v00j5
22/11/00j7,22v11v00j7
22/11/00j9,22v11v00j9
22/11/01j40,22v11v01j40
22/11/01j7,22v11v01j7
22/12/00j18,22v12v00j18
22/12/00j24,22v12v00j24
22/12/00j30,22v12v00j30
22/12/00j40,22v12v00j40
22/12/01j19,22v12v01j19
22/12/01j21,22v12v01j21
22/12/01j38,22v12v01j38
23/11/00j10,23v11v00j10
23/11/00j24,23v11v00j24
23/11/01j12,23v11v01j12
23/11/01j3,23v11v01j3
23/11/01j35,23v11v01j35
23/11/01j38,23v11v01j38
23/11/01j39,23v11v01j39
23/12/00j7,23v12v00j7
23/12/01j14,23v12v01j14
23/12/01j16,23v12v01j16
23/12/01j19,23v12v01j19
23/12/01j21,23v12v01j21
23/12/01j25,23v12v01j25
23/12/01j27,23v12v01j27
23/12/01j31,23v12v01j31
23/12/01j38,23v12v01j38
23/12/01j39,23v12v01j39
23/12/01j4,23v12v01j4
23/12/01j42,23v12v01j42
24/11/00j10,24v11v00j10
24/11/00j11,24v11v00j11
24/11/00j12,24v11v00j12
24/11/00j15,24v11v00j15
24/11/00j17,24v11v00j17
24/11/00j18,24v11v00j18
24/11/00j21,24v11v00j21
24/11/00j22,24v11v00j22
24/11/00j23,24v11v00j23
24/11/00j24,24v11v00j24
24/11/00j25,24v11v00j25
24/11/00j27,24v11v00j27
24/11/00j29,24v11v00j29
24/11/00j3,24v11v00j3
24/11/00j30,24v11v00j30
24/11/00j31,24v11v00j31
24/11/00j34,24v11v00j34
24/11/00j35,24v11v00j35
24/11/00j36,24v11v00j36
24/11/00j5,24v11v00j5
24/11/00j7,24v11v00j7
24/11/00j9,24v11v00j9
24/11/01j24,24v11v01j24
24/11/01j40,24v11v01j40
24/12/01j10,24v12v01j10
24/12/01j12,24v12v01j12
24/12/01j20,24v12v01j20
24/12/01j29,24v12v01j29
24/12/01j34,24v12v01j34
24/12/01j36,24v12v01j36
24/12/01j6,24v12v01j6
26/11/00j13,26v11v00j13
26/11/00j14,26v11v00j14
26/11/00j15,26v11v00j15
26/11/00j17,26v11v00j17
26/11/00j18,26v11v00j18
26/11/00j20,26v11v00j20
26/11/00j21,26v11v00j21
26/11/00j24,26v11v00j24
26/11/00j25,26v11v00j25
26/11/00j28,26v11v00j28
26/11/00j30,26v11v00j30
26/11/00j4,26v11v00j4
26/11/00j6,26v11v00j6
26/11/00j7,26v11v00j7
26/11/00j9,26v11v00j9
26/12/00j11,26v12v00j11
26/12/00j12,26v12v00j12
26/12/00j15,26v12v00j15
26/12/00j16,26v12v00j16
26/12/00j19,26v12v00j19
26/12/00j23,26v12v00j23
26/12/00j24,26v12v00j24
26/12/00j26,26v12v00j26
26/12/00j28,26v12v00j28
26/12/00j5,26v12v00j5
26/12/00j6,26v12v00j6
26/12/00j8,26v12v00j8
26/12/00j9,26v12v00j9
26/12/01j33,26v12v01j33
26/12/01j40,26v12v01j40
27/11/01j12,27v11v01j12
27/11/01j5,27v11v01j5
27/12/00j17,27v12v00j17
27/12/00j20,27v12v00j20
27/12/01j21,27v12v01j21
27/12/01j4,27v12v01j4
27/12/01j40,27v12v01j40
28/11/00j11,28v11v00j11
28/11/00j18,28v11v00j18
28/11/00j21,28v11v00j21
28/11/00j22,28v11v00j22
28/11/00j24,28v11v00j24
28/11/00j26,28v11v00j26
28/11/00j27,28v11v00j27
28/11/01j16,28v11v01j16
28/11/01j20,28v11v01j20
28/12/01j20,28v12v01j20
29/11/00j22,29v11v00j22
29/11/00j23,29v11v00j23
29/11/00j24,29v11v00j24
29/11/00j25,29v11v00j25
29/11/00j26,29v11v00j26
29/11/00j28,29v11v00j28
29/11/00j29,29v11v00j29
29/11/00j30,29v11v00j30
29/11/00j31,29v11v00j31
29/11/01j25,29v11v01j25
29/11/01j29,29v11v01j29
29/11/01j3,29v11v01j3
29/11/01j30,29v11v01j30
29/11/01j31,29v11v01j31
29/11/01j37,29v11v01j37
29/11/01j39,29v11v01j39
29/11/01j7,29v11v01j7
3/01/01j6,3v01v01j6
30/11/01j32,30v11v01j32
31/12/00j24,31v12v00j24
31/12/00j7,31v12v00j7
4/01/01j27,4v01v01j27
4/12/01j22,4v12v01j22
6/12/01j10,6v12v01j10
6/12/01j12,6v12v01j12
6/12/01j15,6v12v01j15
6/12/01j18,6v12v01j18
6/12/01j20,6v12v01j20
6/12/01j21,6v12v01j21
6/12/01j28,6v12v01j28
6/12/01j29,6v12v01j29
6/12/01j3,6v12v01j3
6/12/01j30,6v12v01j30
6/12/01j31,6v12v01j31
6/12/01j32,6v12v01j32
6/12/01j34,6v12v01j34
6/12/01j36,6v12v01j36
6/12/01j37,6v12v01j37
6/12/01j38,6v12v01j38
6/12/01j39,6v12v01j39
6/12/01j40,6v12v01j40
6/12/01j41,6v12v01j41
7/12/00j4,7v12v00j4
7/12/00j5,7v12v00j5
9/12/00j24,9v12v00j24
9/12/00j25,9v12v00j25
9/12/00j30,9v12v00j30
JML03/1.1.1,1.1.1
JML03/1.1.2,1.1.2
JML03/1.1.3,1.1.3
JML03/1.1.4,1.1.4
JML03/1.1.5,1.1.5
JML03/1.1.6,1.1.6
JML03/11.12.1,11.12.03 lane 1
JML03/11.12.11,11.12.11
JML03/11.12.12,11.12.12
JML03/11.12.13,11.12.13
JML03/11.12.14,11.12.14
JML03/11.12.15,11.12.15
JML03/11.12.16,11.12.16
JML03/11.12.17,11.12.17
JML03/11.12.18,11.12.18
JML03/11.12.2,11.12.03 lane 2
JML03/11.12.3,11.12.03 lane 3
JML03/11.12.4,11.12 crit 1 lane 4
JML03/11.12.5,11.12.03 lane 5
JML03/11.12.6,11.12.03 lane 6
JML03/11.12.7,11.12.7
JML03/11.12.8,11.12.8
JML03/11.12.9,11.12.9
JML03/12.12.1,12.12.1
JML03/12.12.10,12.12.10
JML03/12.12.11,12.12.11
JML03/12.12.12,12.12.12
JML03/12.12.19,12.12.19
JML03/12.12.2,12.12.2
JML03/12.12.20,12.12.20
JML03/12.12.21,12.12.21
JML03/12.12.22,12.12.22
JML03/12.12.23,12.12.23
JML03/12.12.24,12.12.24
JML03/12.12.3,12.12.3
JML03/12.12.4,12.12.4
JML03/12.12.5,12.12.5
JML03/12.12.6,12.12.6
JML03/12.12.7,12.12.7
JML03/12.12.8,12.12.8
JML03/12.12.9,12.12.9
JML03/13.12.1,12.13.1
JML03/13.12.10,13.12.10
JML03/13.12.11,13.12.11
JML03/13.12.12,13.12.12
JML03/13.12.13,13.12.13
JML03/13.12.14,13.12.14
JML03/13.12.15,13.12.15
JML03/13.12.2,12.13.2
JML03/13.12.3,12.13.3
JML03/13.12.4,12.13.4
JML03/13.12.5,12.13.5
JML03/13.12.6,12.13.6
JML03/14.12.1,14.12.1
JML03/14.12.10,14.12.10
JML03/14.12.11,14.12.11
JML03/14.12.12,14.12.12
JML03/14.12.13,14.12.13
JML03/14.12.14,14.12.14
JML03/14.12.15,14.12.15
JML03/14.12.16,14.12.16
JML03/14.12.17,14.12.17
JML03/14.12.18,14.12.18
JML03/14.12.19,14.12.19
JML03/14.12.2,14.12.2
JML03/14.12.20,14.12.20
JML03/14.12.3,14.12.3
JML03/14.12.4,14.12.4
JML03/14.12.5,14.12.5
JML03/14.12.6,14.12.6
JML03/14.12.7,14.12.7
JML03/14.12.8,14.12.8
JML03/14.12.9,14.12.9
JML03/15.12.1,15.12.1 & 2
JML03/15.12.10,15.12.9 & 10
JML03/15.12.11,15.12.11 & 12
JML03/15.12.12,15.12.11 & 12
JML03/15.12.18,15.12.18 & 19
JML03/15.12.19,15.12.18 & 19
JML03/15.12.2,15.12.1 & 2
JML03/15.12.20,15.12.20 & 21
JML03/15.12.21,15.12.20 & 21
JML03/15.12.22,15.12.22
JML03/15.12.23,15.12.23
JML03/15.12.24,15.12.24
JML03/15.12.25,15.12.25
JML03/15.12.26,15.12.26
JML03/15.12.27,15.12.27
JML03/15.12.28,15.12.28
JML03/15.12.29,15.12.29
JML03/15.12.3,15.12.3 & 4
JML03/15.12.4,15.12.3 & 4
JML03/15.12.5,15.12.5 & 6
JML03/15.12.6,15.12.5 & 6
JML03/15.12.7,15.12.7 & 8
JML03/15.12.8,15.12.7 & 8
JML03/15.12.9,15.12.9 & 10
JML03/16.12.1,16.12.1
JML03/16.12.10,16.12.10
JML03/16.12.11,16.12.11
JML03/16.12.12,16.12.12
JML03/16.12.3,16.12.3 & 4
JML03/16.12.4,16.12.3 & 4
JML03/16.12.5,16.12.5
JML03/16.12.6,16.12.6
JML03/16.12.7,16.12.7
JML03/16.12.8,16.12.8
JML03/16.12.9,16.12.9
JML03/17.12.1,17.12.1
JML03/17.12.10,17.12.10
JML03/17.12.11,17.12.11
JML03/17.12.12,17.12.12
JML03/17.12.15,17.12.15
JML03/17.12.16,17.12.16
JML03/17.12.17,17.12.17
JML03/17.12.18,17.12.18 & 19
JML03/17.12.19,17.12.18 & 19
JML03/17.12.2,17.12.2
JML03/17.12.20,17.12.20
JML03/17.12.21,17.12.21
JML03/17.12.22,17.12.22 & 23
JML03/17.12.23,17.12.22 & 23
JML03/17.12.24,17.12.24
JML03/17.12.25,17.12.25
JML03/17.12.3,17.12.3
JML03/17.12.4,17.12.4
JML03/17.12.5,17.12.5
JML03/17.12.6,17.12.6
JML03/17.12.8,17.12.8
JML03/18.12.11,18.12.11
JML03/18.12.2,18.12.2
JML03/18.12.4,18.12.4
JML03/18.12.7,18.12.7
JML03/18.12.9,18.12.9
JML03/19.12.1,19.12.1
JML03/19.12.10,19.12.10
JML03/19.12.11,19.12.11
JML03/19.12.12,19.12.12
JML03/19.12.13,19.12.13
JML03/19.12.14,19.12.14
JML03/19.12.15,19.12.15or16
JML03/19.12.2,19.12.2
JML03/19.12.3,19.12.3
JML03/19.12.4,19.12.4
JML03/19.12.5,19.12.5
JML03/19.12.6,19.12.6
JML03/19.12.7,19.12.7
JML03/19.12.8,19.12.8
JML03/19.12.9,19.12.9
JML03/20.12.2,20.12.2
JML03/20.12.4,20.12.4
JML03/20.12.5,20.12.5
JML03/20.12.6,20.12.6
JML03/21.12.1,21.12.1
JML03/21.12.2,21.12.2
JML03/21.12.3,21.12.3
JML03/21.12.4,21.12.4
JML03/21.12.5,21.12.5 or 6
JML03/21.12.6,21.12.6 or 5
JML03/22.12.1,22.12.1
JML03/22.12.4,22.12.4
JML03/22.12.6,22.12.6
JML03/22.12.8,22.12.8
JML03/22.12.9,22.12.9
JML03/24.12.13,24.12.13 & 14
JML03/24.12.14,24.12.13 & 14
JML03/24.12.15,24.12.15 & 16
JML03/24.12.16,24.12.15 & 16
JML03/24.12.17,"24.12.17,18 & scale"
JML03/24.12.18,"24.12.17,18 & scale"
JML03/24.12.19,24.12.19 & 20
JML03/24.12.20,24.12.19 & 20
JML03/24.12.21,24.12.21
JML03/24.12.22,24.12.22
JML03/29.12.1,29.12.1
JML03/30.12.1,30.12.1
JML03/30.12.10,30.12.10
JML03/30.12.11,30.12.11
JML03/30.12.12,30.12.12
JML03/30.12.13,30.12.13
JML03/30.12.15,30.12.15
JML03/30.12.17,30.12.17
JML03/30.12.18,30.12.18
JML03/30.12.19,30.12.19
JML03/30.12.2,30.12.2
JML03/30.12.20,30.12.20
JML03/30.12.21,30.12.21
JML03/30.12.22,30.12.22
JML03/30.12.23,30.12.23
JML03/30.12.24,30.12.24
JML03/30.12.3,30.12.3
JML03/30.12.4,30.12.4
JML03/30.12.5,30.12.5
JML03/30.12.6,30.12.6
JML03/30.12.7,30.12.7
JML03/30.12.9,30.12.9
JML03/31.12.1,31.12.1
JML03/31.12.2,31.12.2
JML03/31.12.3,31.12.3
JML03/31.12.4,31.12.4
JML03/31.12.5,31.12.5
JML03/31.12.6,31.12.6
tci03nov15b,tci03nov15b
tci03nov15c,tci03nov15c
tci03nov15d,tci03nov15d
tci03nov19a,tci03nov19a
tci03nov19b,tci03nov19b
tci03nov19d,tci03nov19d
tci03nov19e,tci03nov19e
tci03nov19f,tci03nov19f
tci03nov19g,tci03nov19g
tci03nov19h,tci03nov19h
tci03nov19i,tci03nov19i
tci03nov19j,tci03nov19j
tci03nov19k,tci03nov19k
tci03nov19l,tci03nov19l
tci03nov19m,tci03nov19m
tci03nov19n,tci03nov19n
tci03nov19o,tci03nov19o
tci03nov1a,tci03nov1a
tci03nov1b,tci03nov1b
tci03nov1c,tci03nov1c
tci03nov1d,tci03nov1d
tci03nov21a,tci03nov21a
tci03nov21c,tci03nov21c
tci03nov21d,tci03nov21d
tci03nov21f,tci03nov21f
tci03nov21g,tci03nov21g
tci03nov21h,tci03nov21h
tci03nov21i,tci03nov21i
tci03nov21j,tci03nov21j
tci03nov21k,tci03nov21k
tci03nov21l,tci03nov21l
tci03nov21m,tci03nov21m
tci03nov21n,tci03nov21n
tci03nov21o,tci03nov21o
tci03nov21p,tci03nov21p
tci03nov22a,tci03nov22a
tci03nov22b,tci03nov22b
tci03nov22c,tci03nov22c
tci03nov22d,tci03nov22d
tci03nov22e,tci03nov22e
tci03nov22f,tci03nov22f
tci03nov22g,tci03nov22g
tci03nov22h,tci03nov22h
tci03nov22i,tci03nov22i
tci03nov22j,tci03nov22j
tci03nov22k,tci03nov22k
tci03nov22l,tci03nov22l
tci03nov22n,tci03nov22n
tci03nov22o,tci03nov22o
tci03nov23a,tci03nov23a
tci03nov23b,tci03nov23b
tci03nov23c,tci03nov23c
tci03nov23d,tci03nov23d
tci03nov23e,tci03nov23e
tci03nov23f,tci03nov23f
tci03nov23g,tci03nov23g
tci03nov23h,tci03nov23h
tci03nov23i,tci03nov23i
tci03nov26a,tci03nov26a
tci03nov27a,tci03nov27a
tci03nov27b,tci03nov27b
tci03nov27c,tci03nov27c
tci03nov28a,tci03nov28a
tci03nov28b,tci03nov28b
tci03nov28c,tci03nov28c
tci03nov28d,tci03nov28d
tci03nov28e,tci03nov28e
tci03nov28f,tci03nov28f
tci03nov28g,tci03nov28g
tci03nov2a,tci03nov2a
tci03nov2b,tci03nov2b
tci03nov2c,tci03nov2c
tci03oct25a,tci03oct25a
tci03oct25b,tci03oct25b
tci03oct25c,tci03oct25c
tci03oct25d,tci03oct25d
tci03oct25e,tci03oct25e
tci03oct25f,tci03oct25f
tci03oct25i,tci03oct25i
tci03oct25j,tci03oct25j
tci03oct25k,tci03oct25k
tci03oct25l,tci03oct25l
tci03oct25m,tci03oct25m
tci03oct25n,tci03oct25n
tci03oct25o,tci03oct25o
tci03oct25p,tci03oct25p
tci03oct25q,tci03oct25q
tci03oct25r,tci03oct25r
tci03oct25s,tci03oct25s
tci03oct25t,tci03oct25t
tci03oct25u,tci03oct25u
tci03oct25v,tci03oct25v
tci03oct25w,tci03oct25w
tci03oct26a,tci03oct26a
tci03oct26b,tci03oct26b
tci03oct26c,tci03oct26c
tci03oct26d,tci03oct26d
tci03oct26e,tci03oct26e
tci03oct26f,tci03oct26f
tci03oct27a,tci03oct27a
tci03oct29a,tci03oct29a
tci03oct30a,tci03oct30a
tci03oct30b,tci03oct30b
tci03oct30c,tci03oct30c
tci03oct30d,tci03oct30d
tci03oct30e,tci03oct30e
tci03oct30f,tci03oct30f
tci03oct30g,tci03oct30g
tci03oct31a,tci03oct31a
