species_id,fish_id,hw,TLmm,SLmm,BDmm,PAmm,BAmm,wg,CPDmm,CFDmm,Mamm,CFAmm
acabah,05LARV0144,3.9,34.84289455,29.38109974,15.29040705,263.70661,300.9621098,0.77,2.977862414,5.63913354,168.9671489,41.34935511
acabah,05LARV0240,4.1,35.96099939,30.32175503,15.60024375,329.0750687,335.6256738,1.02,3.168799512,12.52528946,162.2203135,57.96022921
acabah,05LARV0265,4.8,36.00997506,29.83493647,16.05510034,304.569354,326.1450143,1.07,3.089894312,11.64351027,177.2306529,53.53020038
acabah,05LARV0280,3.8,35,28.57,15.46142857,327.4489796,324.3469388,0.82,2.86,10.01571429,199.4897959,49.16326531
acabah,05LARV0323,4,32.67303399,27.39146614,15.28404862,251.8161007,278.8485984,0.38,3.017861573,8.86256512,140.9167023,39.03326496
acabah,tci03nov19d,3.4,36.18898087,29.55238367,15.92235227,268.8157103,320.8179539,0.92,2.925564539,12.36911068,161.1494098,49.69467773
acabah,tci03nov19e,3.8,39.77024221,32.4,17.32802768,363.5780223,374.1190838,1.06,3.450615231,14.27203193,184.5997517,64.11821037
acabah,tci03nov19g,3.5,37.55149657,30.35864276,17.57149523,317.7976256,334.5109526,0.8,,,,
acabah,tci03nov19h,3.7,32.82912088,27.01263736,15.27197802,261.2727931,280.0295858,0.85,,,,
acabah,tci03nov19i,3.5,36.96034696,30.07311029,16.87918216,316.8334999,359.5207056,0.91,,,,
acabah,tci03nov19j,3.5,36.11791572,30.07162134,16.11687772,316.8327401,340.3879261,0.84,,,,
acabah,tci03nov19k,3.6,31.95926867,26.13334745,15.40837216,251.3385337,282.090909,0.69,,,,
acabah,tci03nov1a,3.2,40.73580072,33.83800018,5.544563201,172.0828069,152.9044102,0.63,,,,
acabah,tci03nov21c,3.4,37.33912269,30.34012469,17.31240258,284.528953,336.5795397,0.91,,,,
acabah,tci03nov21f,3.6,39.39201272,32.65795748,17.59785416,353.2418208,387.3056938,0.96,,,,
acabah,tci03nov21g,3.7,35.50298358,30.57031209,16.90975339,311.1012232,343.6435422,1,,,,
acabah,tci03nov21h,3.7,35.73522306,28.45815214,15.99989263,242.3701778,317.9541423,0.87,,,,
acabah,tci03nov21i,3.1,35.09746635,28.94678864,15.79385986,261.8133841,314.1563332,0.8,,,,
acabah,tci03nov21j,3.6,36.19859579,30.26015547,17.82472417,327.190668,351.8972791,1.02,,,,
acabah,tci03nov21k,3.9,37.29926424,30.12076136,16.38515675,285.327761,342.5775153,1.01,,,,
acabah,tci03nov22a,3.8,33.17371458,27.98208595,15.67220739,273.1291943,293.6090624,0.85,,,,
acabah,tci03nov22d,4,39.54652072,33.48835027,18.00938233,391.2937749,409.6828481,1.07,,,,
acabah,tci03nov22h,4.4,33.02827381,27.68824405,14.63541667,249.2725606,275.5744225,0.86,,,,
acabah,tci03nov22j,3.4,37.76546477,31.24743632,17.28051604,349.8155994,369.2366682,0.9,,,,
acabah,tci03nov22k,3.6,36.46494298,30.79654511,16.80591622,303.6179496,354.2735249,0.96,,,,
acabah,05LARV0026,4,31.48984199,23.25056433,16.63419271,245.9564026,293.3550597,0.44,2.890578591,7.443269573,154.0950386,38.37907941
acabah,05LARV0027,4.2,34.13065201,27.04596553,19.3517362,323.4677414,375.20261,0.53,3.132650512,12.10092431,190.9010411,55.21402291
acabah,05LARV0028,4.2,34.03963605,26.90764053,19.2845569,326.0444246,379.1138368,0.5,3.001371058,12.46167269,188.4616627,56.34741164
acabah,05LARV0044,4.2,32.38014281,26.42026522,14.07820469,231.1213817,265.7176772,0.45,3.068344101,6.405304318,144.5820853,31.52559096
acabah,05LARV0045,4,34.20371757,27.41131613,15.30196773,266.0402407,304.3791117,0.48,3.268877238,9.259889698,175.2693708,27.27761996
acabah,05LARV0003,,,,,,,,,,,
acachi,tci03nov19l,3.5,35.9266436,29.89896194,15.50553633,282.5121826,314.7531758,0.9,3.053100449,10.89997194,170.3668139,51.64871018
acachi,tci03nov21d,3.4,35.17087011,29.70239596,14.98991173,292.5225293,326.5171766,0.9,2.906772208,11.72886041,158.1441677,48.26295892
acachi,tci03nov22c,3.7,37.6803285,32.06709537,15.95568296,343.3926234,360.7345332,1,,,,
acachi,tci03nov22f,3.5,35.12631579,29.11634349,15.85096953,299.5679898,310.2400994,0.81,,,,
acachi,tci03nov22i,4.3,37.88891058,30.8674346,16.59605623,333.4663115,363.4321387,1.08,,,,
acachi,tci03nov23b,3.8,33.51851852,27.91895034,15.20511543,287.3875445,296.4007306,0.74,,,,
acachi,05LARV0057,4,33.97689658,29.0461393,15.43538472,283.4314679,310.9312751,0.49,3.716138621,6.969533203,186.2831281,41.12193208
acacoe,05LARV0077,4.6,36.57473529,30.40753509,21.07116474,356.9973079,424.8040577,0.64,3.819256341,13.05959123,229.5545747,70.09577715
acacoe,05LARV0078,4.4,35.61204097,29.53409943,20.64701474,350.3336774,404.0967526,0.67,3.517361979,9.981264052,243.6500129,48.44293335
acacoe,05LARV0145,4.2,35.34277824,28.45359587,18.9830712,335.9701181,347.2282235,0.86,4.007683996,6.948012967,220.6790465,39.59797118
acacoe,05LARV0218,4.5,35.56985754,31.53586603,21.89202699,354.9631213,433.4395032,1.11,3.677830542,9.177705574,241.4886156,31.29684962
acacoe,tci03nov19b,3.7,33.90121485,27.66668568,18.09102835,368.974474,342.0459248,1.03,2.933047549,11.71752496,188.4337051,56.66564332
acacoe,tci03nov19f,3.7,35.345898,28.87361419,18.75665188,343.6008181,362.2616162,0.93,,,,
acacoe,tci03nov19n,3.9,36.90616709,29.46829823,19.04434458,337.5920926,394.1173817,1.06,,,,
acacoe,tci03nov21l,3.6,34.26777681,28.06956288,17.67138924,315.3135397,324.1863402,0.91,,,,
acacoe,tci03nov21p,3.6,34.36858584,28.40059141,18.85632284,348.7337645,335.4134418,0.88,2.852598091,11.70024744,169.4625965,65.5047124
acacoe,tci03nov23c,3.9,35.33709204,28.9930914,18.5881045,362.0802041,370.296688,1.09,,,,
acacoe,tci03nov23d,4.2,35.21801044,28.72177392,19.2412016,380.174166,373.7825976,1.13,,,,
acacoe,tci03nov23h,3.9,37.28149235,30.90966254,19.5011528,477.350679,418.1303168,1.24,,,,
acLIa,24/11/00j34,3.4,31.49271657,24.88687432,16.58414691,262.8105731,274.4711975,,2.086804568,9.753322225,141.503502,47.36216232
acLIa,24/11/00j35,3.9,32.25091884,25.76768981,17.76265687,260.2608219,284.7701851,,2.061043757,9.901963988,117.095811,33.79355355
acLIb,17/11/01j37,3,28.68745088,23.39533665,15.47943411,185.5411676,239.5355115,,1.9098599,8.127676447,113.6859676,30.89981482
acLIb,29/11/00j31,2.55,25.06475149,22.23543351,13.15816825,159.425156,228.6513349,,2.368421053,10.39539474,87.7683518,35.68646122
anHsp1,05LARV0093,1.5,7.200598802,5.169660679,3.037674651,8.917419652,10.58262716,0,1.150199601,1.501996008,5.306876267,2.770158286
anHsp2,05LARV0285,2.3,11.00780501,9.085307408,4.128440367,22.98729498,25.44352308,0.02,1.232370259,2.19088046,12.63738729,4.856206689
anHsp2,05LARV0291,2.6,13.00364816,10.34860154,5.179029861,21.8166014,35.63682504,0.05,0.955276314,1.910552628,15.37203211,5.714306475
apacya,20/12/00j16,0.85,10.48837944,8.506708035,2.127610675,12.60227153,12.7194655,,,,,
apacya,20/12/00j18,1.1,10.85011944,9.206210859,2.261766415,14.07720551,15.46288647,,1.134259259,2.235263432,8.421544756,3.657104507
apacya,29/11/01j37,0.7,10.8737252,8.858149453,2.177730391,12.15580876,13.21410627,,0.936840212,1.92225031,6.525128493,2.002725822
apacya,JML03/31.12.1,1.55,14.08,11.04,2.81,20.14,21.48,,,,,
apacya,JML03/31.12.2,2,13.78,11.01,2.99,21.18,22.41,,,,,
apacya,JML03/31.12.3,1.9,15.68,12.37,3.21,25.22,29.07,,,,,
apacya,JML03/31.12.4,1.8,15.32,12.15,3.21,25.9,26.32,,,,,
apacya,JML03/31.12.5,2.7,14.36,11.93,3.02,24.46,24.04,,,,,
apacya,JML03/31.12.6,1.45,13.69,11.03,2.57,19.05,20.68,,,,,
apacya,JML03/1.1.3,1.7,14.49,11.43,2.69,17.89,21.33,,,,,
apacya,JML03/1.1.4,1.85,14.36,11.42,2.89,21.15,23.66,,,,,
apacya,12/12/01j20,1.2,11.39929447,10.08814142,2.588413158,13.83078948,19.19028143,,,,,
apacya,JML03/1.1.5,1.6,13.19,10.57,2.65,17.73,19.87,,,,,
apacya,JML03/1.1.6,1.6,13.82,13.98,2.96,20.36,22.08,,,,,
apamac,05LARV0082,2.8,19.80934809,15.7503075,5.78597786,72.6055231,67.90031,0.07,2.831488315,5.413284133,41.01553931,20.37917058
apamac,05LARV0189,2.4,19.54284287,15.66824881,5.002498126,55.19842132,56.49335319,0.08,2.248313765,3.749687734,24.96254215,12.09123135
apamac,05LARV0228,3.2,19.91204819,15.87108434,6.386746988,73.95848454,75.33749456,0.08,2.781927711,6.26626506,37.53810422,21.96254899
apamac,05LARV0229,2.3,19.98795906,16.01204094,5.298013245,58.93608407,58.53012826,0.06,2.649006623,3.975918122,30.43218708,13.29505267
apamac,05LARV0029,2,13.23099065,10.3298153,3.036699448,23.1724396,23.94916942,0.01,1.68385704,2.51858959,12.49959653,5.206966565
apamac,05LARV0031,1.4,11.31354901,8.505229871,3.164680126,14.95533724,17.49966761,0,1.337873997,,9.629994602,
apamac,05LARV0038,1.5,13.71690978,10.06482982,3.85467315,27.38547009,30.40904489,0.01,1.958400864,2.435170178,16.13029271,5.5774238
apamac,05LARV0066,2.4,19.476969,15.13465844,5.572891934,69.66039272,63.98153135,0.07,2.917034123,5.224204599,33.54393886,18.10884887
apapla,05LARV0087,2.4,20.9886972,17.4015467,5.591909578,54.89494688,63.35992322,0.06,2.983938132,4.560380726,30.60414522,15.82582533
apapla,05LARV0230,,18.67691199,15.30675951,4.856525393,55.28147779,57.48697091,,2.323208068,3.844399088,28.62816555,12.00768475
apapla,05LARV0005,2.9,19.97069011,16.20303757,5.5209166,,59.70887204,0.07,2.196909139,,35.87147158,
apapun,05LARV0134,,,,,,,,,,,
apapun,05LARV0135,,,,,,,,,,,
apapun,05LARV0136,,,,,,,,,,,
apapun,05LARV0149,,,,,,,,,,,
apapun,05LARV0195,,,,,,,,,,,
apapun,05LARV0207,1.2,8.67990373,6.663056558,2.749699158,14.19136036,13.46731136,0,1.227436823,2.409145608,6.87846548,3.794016749
apapun,05LARV0208,1.1,8.279224787,6.921367732,2.71818294,12.0073993,13.75974818,0,1.118380447,2.098506357,6.978919898,2.925660743
apapun,05LARV0209,1,8.373170732,6.265853659,3.053658537,11.98691255,12.58179655,0,1.041463415,1.508536585,6.186793575,2.55800119
apapun,05LARV0212,1.5,9.745318352,8.247191011,2.746566792,16.00683291,18.32914849,0,1.395755306,1.872659176,8.821682011,2.821067922
apapun,05LARV0234,,,,,,,,,,,
apapun,05LARV0238,,,,,,,,,,,
apapun,05LARV0022,2.1,17.6567733,13.72906802,5.573391847,51.05478478,46.13335961,0.04,1.963275205,3.711745005,18.64539946,12.48361509
apapun,05LARV0047,2.2,16.70415454,12.3055041,4.896136544,34.42111708,45.17853675,0.04,2.118285261,2.929346388,20.3069273,8.542914244
apapun,05LARV0048,2.3,17.17514505,13.68101471,4.895425719,52.65561167,45.34081499,0.04,2.118472541,4.026447173,21.0203678,12.18070685
apapun,05LARV0010,1.6,14.31266522,10.34486902,4.113193944,31.53531774,32.71933608,0.03,1.806056236,2.76616198,21.64443282,
apapun,05LARV0020,2.1,15.70829338,11.96428571,4.499041227,36.68362981,39.78608244,0.03,1.703020134,2.967401726,18.5428998,6.923065609
apapun,05LARV0021,2.1,17.99374131,13.99165508,5.411451089,62.00768637,53.43729991,0.03,2.329624478,5.297867408,23.58871258,16.30791405
apaqua,05LARV0205,2.6,25.42393265,20,6.744437763,94.57728229,94.3314016,0.12,3.325020781,5.664461816,56.24882258,22.20157949
apaqua,05LARV0231,1.9,19.77294118,15.39411765,4.947058824,55.12802768,53.55017301,0.05,2.352941176,3.810588235,29.1349481,14.25605536
apaqua,05LARV0232,1.8,20.81044957,16.54191981,5.469015796,57.90391376,60.85668855,0.06,2.925880923,3.905224787,32.76103636,13.19890334
apaqua,05LARV0233,2.3,22.41010222,18.13950692,5.570655442,74.48738397,69.65655169,0.06,2.808177992,4.905592303,44.24405972,13.11845772
apaqua,05LARV0256,,,,,,,,,,,
apaqua,05LARV0257,,,,,,,,,,,
apaqua,05LARV0258,,,,,,,,,,,
apaqua,05LARV0259,,,,,,,,,,,
apaqua,05LARV0260,,,,,,,,,,,
apaqua,05LARV0261,,,,,,,,,,,
apaqua,05LARV0270,1.9,19.13465539,14.83289419,5.011787547,51.8283972,48.0398279,0.04,2.241020663,4.031341007,25.40456872,13.38499608
apaqua,05LARV0274,,,,,,,,,,,
apaqua,05LARV0276,,,,,,,,,,,
apaqua,05LARV0278,,,,,,,,,,,
apaqua,05LARV0284,2.2,22.75183594,18.53817376,5.266731329,68.73368307,64.91301186,0.08,2.785090758,4.468615768,37.5539341,15.97386154
apaqua,05LARV0036,2.3,19.34330209,15.09440463,5.596747519,51.25401295,64.48774781,0.06,2.687431092,3.743798236,29.91954193,11.26790557
apaqua,05LARV0046,2.4,22.24765117,18.1076849,6.022645146,73.58915003,79.85699562,0.06,2.900505902,4.951818839,40.97313874,12.82586921
apaqua,05LARV0061,2.2,22.6500379,17.8564046,5.553641563,62.05752117,77.81997013,0.06,2.984910081,4.70681458,39.99958809,17.55708923
apaqua,05LARV0007,1.9,19.60875413,14.82577332,4.769531728,53.84474098,54.36794085,0.04,2.447731997,3.676488568,28.26774158,14.55990497
apaqua,05LARV0009,1.8,17.52080856,13.23900119,5,46.47374947,47.40690051,0.03,2.378121284,4.281807372,26.77860709,11.16953516
apaqua,05LARV0011,1.8,18.22934233,13.65213202,4.703685859,46.42848583,47.11040421,0.03,2.288605155,3.974945796,27.71200248,12.92743152
apatri,JML03/17.12.15,1.8,16.86,13.68,3.68,30.2,37.16,,,,,
apatri,JML03/17.12.18,1.95,16.58,13.27,3.64,26.96,33.11,,,,,
apatri,JML03/19.12.2,1.85,16.67,13.1,3.78,28.42,34.19,,,,,
apatri,JML03/19.12.5,1.8,16.7,13.36,3.71,34.13,37.47,,,,,
apatri,JML03/19.12.8,1.85,17.08,13.49,3.79,30.84,36.76,,,,,
apatri,12/12/01j14,1.8,9.889368283,7.65459003,2.475461551,9.696565758,13.2298199,,1.144745445,1.769425153,5.683622769,2.573997312
apatri,14/12/01j34,1.9,16.38586667,13.01573333,3.737333333,38.55804444,36.98115556,,1.982351173,4.005409393,20.68306594,9.255253563
apatri,17/11/01j24,1.7,15.13334567,12.47497544,3.460295311,31.06422963,33.23133173,,,,,
apatri,18/11/01j28,1.3,14.49364188,12.01888448,3.099700101,24.71505601,26.75460638,,,,,
apHuknown,05LARV0088,1.3,14.12490743,10.78992841,3.95211059,26.47678778,30.89466376,0.01,1.732905455,2.849913602,15.31022538,5.834643107
apHuknown,05LARV0096,,,,,,,,,,,
apHuknown,05LARV0097,1.6,13.34777377,10.10709988,3.76654633,28.15102504,26.77533194,0.01,1.836341757,2.806257521,15.94355893,6.907427439
apHuknown,05LARV0098,1.6,13.3517739,10.46301864,3.730607336,26.71421324,27.98700738,0.02,1.563439567,2.909200241,12.30849782,7.31856627
apHuknown,05LARV0140,2.4,23.13529765,17.68129886,6.253758268,79.59302408,83.07874437,0.11,2.788935658,4.714371618,42.26255067,17.16825724
apHuknown,05LARV0161,2.8,20.26306392,16.06951553,6.08975122,52.89273454,70.20720591,0.08,2.511605761,3.385311272,26.34010006,13.07795178
apHuknown,05LARV0190,2.3,17.11262467,13.68766723,4.079299441,42.95776394,39.08209791,0.05,1.96059353,3.319143761,20.32505773,10.35483291
apHuknown,05LARV0030,1.4,13.83472057,10.72294887,3.693222354,28.00866982,27.00482552,0.01,1.669441141,2.776456599,16.01909284,5.400965104
apHuknown,05LARV0040,1.5,14.13356282,10.55283993,4.139759036,24.96496929,32.6009225,0.02,1.722547332,2.066781411,15.84543238,5.550404223
apHuknown,05LARV0062,2,20.20910127,15.8856645,5.284498358,48.9812438,65.47900708,0.05,2.799410227,4.558005496,33.87139473,11.33687844
apHuknown,05LARV0072,2.5,19.36537564,14.3370442,4.944337044,49.16677754,50.40216838,0.05,2.270515299,3.431771215,27.02306347,13.593743
apHuknown,05LARV0006,2.1,21.99262462,17.53433367,5.089013225,57.64644428,56.09411367,0.05,2.57121058,6.363173957,30.70704003,21.08582422
apHuknown,05LARV0008,1.3,12.30546856,9.894001445,3.169115876,21.67629932,26.40620131,0,1.331004577,,11.9408262,
apLI11,20/12/00j12,1.1,12.47891096,9.987056461,3.391802425,19.544668,23.52575972,,1.513125494,2.778963392,8.788539969,5.145282574
apLI11,JML03/15.12.20,1.85,14.93,12.13,3.69,25.7,30.05,,,,,
apLI11,14/12/00j28,1.02,13.12115298,10.4089905,3.619362172,18.77394296,24.97979454,,,,,
apLI11,15/12/00j6,1.9,13.09478827,10.42540717,3.290553746,21.21507921,24.41617418,,1.814818518,2.97836883,11.83541058,4.689062141
apLI11,15/12/00j8,1.2,11.13037956,8.744565483,3.09462166,14.71143253,17.80882741,,,,,
apLI11,16/12/01j28,1.8,11.21703925,8.913931208,3.224962044,16.60721115,19.8344285,,,,,
apLI11,17/11/01j11,1.6,12.2058018,9.545008445,3.287876021,19.9632322,21.11746909,,,,,
apLI11,17/11/01j21,1.25,9.984963496,8.306038153,2.844888494,12.58685136,15.51767064,,,,,
apLI11,17/11/01j25,1.1,11.0588247,8.831238352,3.116301201,17.76902316,18.86847637,,,,,
apLI12,21/11/00j13,1.1,13.42692155,10.80326563,2.960175229,21.3334526,22.7672078,,,,,
apLI12,29/11/01j3,1.4,14.00253012,11.03795181,3.206987952,21.97662941,24.36115547,,1.347361276,2.654481103,11.19975082,6.221773633
apLI12,JML03/15.12.24,2,16.48,13.06,3.91,29.99,34.45,,,,,
apLI12,17/11/01j10,1.5,16.75198143,12.82913122,3.538322924,37.48533745,34.66818858,,2.072792583,4.010806828,17.86136447,10.56874178
apLI12,17/11/01j30,2,16.27605318,13.31579258,3.941805961,30.16749264,37.72397731,,,,,
apLI12,17/11/01j31,1.7,17.00450602,13.41801735,3.83381532,35.97676122,38.21852414,,,,,
apLI12,29/11/00j28,1.45,15.05344828,13.50474138,3.432327586,29.77296373,29.0483799,,,,,
apLI16,6/12/01j18,0.9,10.17184889,8.102108454,2.720688906,13.36350652,15.13405591,,,,,
apLI16,6/12/01j3,0.8,9.128846681,7.143715947,2.503424345,10.20776182,11.90414303,,,,,
apLI16,JML03/18.12.11,1.8,14.78,11.76,3.36,25.69,26.65,,,,,
apLI16,14/12/01j19,0.8,7.673786191,6.308177681,2.306949214,6.904430208,10.36723106,,,,,
apLI16,14/12/01j21,1,8.611478021,6.806631603,2.47850973,8.930404119,11.61242098,,1.037467573,1.451486944,5.350600132,1.8336364
apLI16,17/11/01j20,0.9,8.450014152,6.895636303,2.447808392,8.848957584,10.99587406,,,,,
apLI16,17/11/01j42,0.7,9.365604218,7.344498053,2.518768279,10.23389462,12.28454286,,1.07039718,2.615984698,6.463496089,3.683805946
apLI16,19/11/01j34,0.9,9.159812039,7.747561873,2.752151823,9.176244905,13.74359092,,,,,
apLI18,6/12/01j20,1.2,10.61898145,8.599760958,2.891236117,14.79745304,16.7130063,,1.21849673,1.881936998,6.972922181,3.111342027
apLI18,6/12/01j21,1.2,10.94228375,9.073850904,3.11657786,16.61206976,19.17149642,,,,,
apLI18,6/12/01j28,1.2,11.53016174,9.297675801,2.947251368,17.57333511,18.79316012,,1.503808512,2.263628714,9.410762522,4.516435477
apLI18,6/12/01j30,1.7,11.40255009,9.011232544,2.980368346,14.54810971,18.54928021,,,,,
apLI18,6/12/01j38,1.1,11.37769236,9.323165309,3.189536203,17.2778908,19.82007258,,,,,
apLI18,JML03/18.12.9,1.9,15.8,12.73,4.02,30.8,32.58,,,,,
apLI18,14/12/01j28,1.7,12.45163034,9.88263376,3.622590524,20.18718942,24.98450278,,,,,
apLI18,14/12/01j4,1.6,12.24187834,9.573169819,3.140026947,18.87339699,20.79000711,,,,,
apLI18,16/12/01j37,1.6,11.4168744,9.200312961,3.148255973,20.18876608,19.70043499,,,,,
apLI18,16/12/01j41,1.8,10.89068637,8.573077424,3.072118696,14.70317569,18.01566805,,,,,
apLI18,17/11/01j40,1.3,11.94021134,8.946451941,2.985106912,16.75957261,18.70560708,,,,,
apLI18,19/11/01j29,1.3,8.339925251,6.536340216,2.739576908,9.191509496,11.66847297,,,,,
apLI9,19/12/00j27,1.8,14.54211618,11.55207469,3.042946058,22.03345328,25.19799935,,1.69797082,3.207278216,10.66322567,7.120535268
apLI9,20/12/00j10,1.1,13.36495473,10.60892557,3.141414951,24.16710817,24.04128596,,1.507731752,2.445957856,15.24990849,5.193375864
apLI9,20/12/00j23,1.1,14.91245674,12.2556468,3.622959884,28.80282539,32.78116716,,,,,
apLI9,20/12/00j4,0.9,12.95679238,10.25293637,2.9428499,19.57336298,22.12361632,,,,,
apLI9,9/12/00j24,1.3,12.35739796,9.713265306,2.828826531,19.90251458,19.32723344,,,,,
apLI9,JML03/20.12.5,1.65,15.64,12.56,3.61,25.34,32.83,,,,,
apLI9,JML03/15.12.18,2.15,17.25,13.8,4.06,37.16,38.7,,,,,
apLI9,JML03/15.12.26,2,16.5,13.02,3.87,30.38,34.42,,,,,
apLI9,JML03/15.12.28,2.05,15.39,12.59,3.66,30.38,32.67,,,,,
apLI9,JML03/18.12.7,1.95,15.8,12.35,3.92,30.39,33.39,,,,,
apLI9,JML03/20.12.3,1.7,24.27,19.39,5.75,89.83,76.7,,,,,
apLI9,JML03/20.12.6,1.75,14.27,11.55,7.05,45.47,56.58,,,,,
apLI9,15/12/00j18,1.3,13.2101125,11.08068223,3.062295875,20.78916629,24.04332633,,,,,
apLI9,15/12/00j4,1.25,13.83130683,11.07898129,3.347385291,21.87380341,26.69135659,,,,,
apLIb,19/12/00j25,0.8,9.59330059,7.619165401,1.837390905,7.906894158,10.73105247,,,,,
apLIb,10/12/01j33,1.15,12.74887218,10.49035088,2.594235589,16.0683664,18.28050703,,1.396694423,2.113531735,9.282235388,4.613667629
apLIb,10/12/01j6,1.3,12.78253242,10.71524341,3.133387632,17.62283788,23.10547064,,,,,
apLIb,12/12/01j31,1,13.90994529,11.16339632,2.933355967,17.81296243,22.50053477,,1.434874486,2.797296983,11.17949439,5.12760858
apLIb,12/12/01j41,1.1,13.01087585,10.52883028,2.550458148,17.02748021,20.25897591,,,,,
apLIb,12/12/01j9,1.2,13.43614799,10.93042916,2.802227858,19.55161912,22.41794726,,,,,
apLIb,14/12/01j12,1.4,13.62534649,10.81857983,2.957332712,19.27350537,22.40212525,,,,,
apLIf,20/12/01j16,1.6,15.25571503,12.13427527,4.776000597,46.783179,40.98441549,,2.108435217,3.547145212,16.7701581,11.54899008
apLIf,21/12/01j25,1.85,14.22588138,10.59419426,4.12761921,39.80177237,33.69242718,,1.820497793,3.015584447,13.6121133,9.164912648
apLIf,21/12/01j5,2.1,14.46715863,11.53523054,4.511859116,35.95073833,39.0861865,,,,,
apLIh,19/12/00j11,1.7,12.75372732,8.988683312,3.260283815,22.77327746,21.9737748,,1.474545455,2.932121212,10.6446281,6.089990817
apLIh,20/12/00j14,0.8,11.25767683,9.068057432,2.933000961,18.98028416,20.20850347,,1.565959315,2.592831374,9.629967568,5.748928254
apLIh,29/11/01j29,1.2,10.12591912,7.957628676,2.959742647,15.18799673,16.39949178,,,,,
apLIh,19/11/01j42,1.1,10.43044061,8.211290397,2.69998613,13.87749187,17.08210129,,,,,
apLIk,20/12/01j15,1.9,15.10420059,12.14425269,4.510056859,40.57983198,38.2163664,,1.900416068,3.363960573,19.34944258,9.558337586
apLIk,22/12/00j18,1.9,14.65466947,12.05340686,4.239314999,39.51031793,37.12736919,,2.093664712,4.10864642,17.12600771,8.703467337
apLIk,29/11/01j25,1.4,12.37062554,9.507331313,3.445437362,20.99363732,22.43941257,,,,,
apLIk,29/11/01j30,1.55,13.61124739,11.03772367,3.958532366,29.90862058,30.16379823,,,,,
apLIk,14/12/00j23,1.8,15.31651786,11.96428571,4.330803571,27.97154018,38.54432398,,,,,
apLIk,15/12/00j9,1.8,13.95200408,11.00076589,3.902221088,30.70369168,32.92694384,,,,,
apLIm,11/12/01j39,2.1,19.13312511,16.23489893,4.17349284,50.09410203,48.83190971,,2.52922423,4.334810418,28.90665934,15.90429119
apLIm,17/11/01j39,2.4,24.86989294,20.5129867,5.284699217,81.27745591,77.79869689,,3.003002304,5.51586101,42.84236884,16.73308289
apLIm,27/12/01j4,2.1,19.57037037,15.80756173,3.739197531,53.62416171,46.41656188,,,,,
apLIm,28/11/01j20,2.25,21.85656371,17.24092664,4.195559846,55.45348161,53.41601944,,,,,
apLIu,29/11/01j7,0.95,10.19510361,8.28570086,2.720454866,15.2937319,16.04721908,,,,,
apLIu,6/12/01j15,1.15,9.371824552,7.437967092,2.4938239,12.11960398,13.37046753,,1.082392731,1.89331172,8.249856437,3.515798782
apLIu,6/12/01j34,0.95,8.439448203,6.781403369,2.437574612,10.6631895,11.06675924,,,,,
apLIu,6/12/01j36,1.15,8.760618877,7.026804757,2.458428225,11.76393229,12.43659569,,1.056868275,1.541311867,6.330086189,2.245829118
apLIu,12/12/01j10,1.3,9.649848621,7.827867327,2.489335791,10.1724771,13.1055309,,,,,
apLIu,19/11/01j20,1.1,10.80328067,8.633019375,2.978695409,14.38920815,18.49506897,,,,,
apppig,tci03nov22n,1.6,15.38677233,12.73818958,3.820786346,30.68102151,20.30662257,0.04,2.23196999,3.062076476,16.73287678,5.677683633
apppig,tci03nov2a,1.3,15.64365557,12.37931458,3.710232158,27.4609703,33.27756594,0.05,1.605084947,3.15314245,14.05162691,4.32629196
apppig,tci03oct31a,1.4,16.24471476,13.55038054,4.492942171,33.09367759,40.06700334,0.03,,,,
apsnem,snemjcuB1,,10.9887,,3.1797,11.684,19.7411,,,,,
apsnem,snemjcuB2,,11.8183,,3.2648,19.8549,21.2158,,,,,
apsnem,snemjcuB3,,11.007,,3.009,16.7062,18.4086,,,,,
baHsp1,05LARV0296,2.2,10.39372994,8.291779807,5.313502839,18.95116456,31.10794053,0.02,1.118242409,2.22537645,12.00443543,4.874897635
baHsp1,05LARV0297,2.2,11.04811199,8.622514998,5.544053641,20.81171184,29.36333279,0.03,1.004587696,2.687919068,10.72412013,4.801638302
baHsp1,05LARV0298,2.2,10.48565647,7.974050708,5.249375074,22.0185667,29.329751,0.03,0.833234139,2.383049637,10.34334214,3.938971391
baHsp1,05LARV0299,,,,,,,,,,,
baLIa,24/11/00j31,3.45,24.30713978,20.40741273,11.27452952,132.3415757,178.4820351,,2.672238017,4.917722064,57.05887303,14.72244944
blesti,19/12/01j18,2.1,18.61240033,15.78171486,3.311019874,43.87941939,44.11995581,,1.943540464,3.42272504,27.74156277,8.860107707
blesti,19/12/01j25,2,18.74200232,15.35631589,3.496282981,43.79579929,44.21630134,,1.953825371,2.91262434,23.23916708,8.664289901
blesti,21/11/00j9,1.8,17.84474022,15.4117965,3.451793798,37.07497509,35.92009099,,,,,
blesti,16/12/01j33,2.1,19.6815196,16.89174513,3.421463291,49.81094508,46.98131499,,,,,
blesti,16/12/01j39,2.25,20.07302326,16.90672785,3.319543772,55.44463149,45.74372846,,,,,
bloatl,05LARV0075,1.6,15.92394534,13.42602496,3.573380867,29.8394804,34.3019867,0.01,1.668449198,2.852049911,20.97095523,5.154477211
blplup,20/11/01j28,2.3,19.37699964,16.22449342,3.688410949,50.08676263,47.45311147,,1.655252157,3.046162056,26.76285502,8.118030159
blplup,14/11/01j6,3.2,24.62307591,20.8083147,5.05301934,91.73832212,81.02715212,,1.941943287,5.25682032,42.47976389,16.30530554
blplup,19/11/01j25,2.25,17.6760429,14.70669058,3.552726995,44.00667794,40.19782296,,,,,
blplup,19/11/01j39,2.2,18.47747111,14.83536896,3.410320057,46.52583169,37.76846044,,,,,
caHsp1,05LARV0282,2.1,16.71578947,14.0154386,4.220350877,38.90427824,40.79532164,0.03,1.122807018,4.387368421,20.11203447,9.435518621
caHsp1,05LARV0037,2.3,19.00686529,15.39892022,5.132973405,43.56923723,54.1916545,0.04,1.455708858,3.320669199,25.25656303,9.645030491
caHsp2,05LARV0293,1.8,10.8961696,8.697904119,3.391953746,21.31357677,22.85152037,0.01,0.851602024,2.198265478,11.36047013,4.758919797
caHsp2,05LARV0317,1.8,11.11124331,9.174301011,3.897679952,20.93595318,24.29080166,0.01,0.751933373,2.87804878,10.30518858,5.025194983
caHsp2,05LARV0318,1.4,8.363045049,6.571910383,3.169115876,11.69417487,15.64059616,0.01,0.73235365,2.300650446,5.643962808,2.800218051
caHsp2,05LARV0325,1.2,8.231343284,6.589552239,2.089552239,9.20026732,11.87346848,0,1.940298507,0.746268657,4.989975496,2.740031187
caHsp2,05LARV0330,1.3,9.181690141,7.467605634,2.53943662,10.85102162,14.77881373,0,0.718309859,1.742253521,4.661773458,2.578853402
caLIa,22/11/00j30,3.52,34.55102811,28.95774382,11.23089983,201.659388,214.4082256,,,,,
caLIa,3/01/01j6,3.9,30.08978012,23.76323854,8.827213591,131.7423952,143.8024639,,,,,
caLIa,17/11/01j23,2.85,30.47174419,26.53431781,9.911799351,153.8661224,175.8548973,,,,,
caLIa,26/11/00j30,3.3,26.53418755,24.04354235,9.255584533,142.465883,150.4954801,,1.564096867,5.444345701,80.1433891,18.09689431
caLIa,26/12/00j16,2.5,27.11963807,22.67873101,9.997765862,136.9600984,154.1740888,,1.959782609,6.522826087,69.63019849,20.53107278
caLIa,26/12/00j19,2.3,26.6298913,22.10434783,10.0875,126.2553166,149.341328,,,,,
caLIa,26/12/00j24,3,33.13513871,28.80950804,12.08634046,204.326504,235.488192,,,,,
caLIa,26/12/00j26,2.8,30.76436955,25.52392416,11.47095998,165.1644322,197.440232,,,,,
caLIa,26/12/00j9,2.5,27.72234876,22.63985334,10.55552469,149.2550206,169.431791,,,,,
chcaure,JML03/21.12.1,3.15,25.67,20.42,6.13,95.31,87.85,,1.565860052,3.504283877,18.05513729,7.876479269
chcaure,JML03/22.12.4,3.2,14.41,12.08,7.46,48.24,62.93,,1.572291935,3.313026383,28.87634942,8.150849728
chcaure,JML03/30.12.5,3,13.62,10.92,7,48.72,54.17,,,,,
chcaure,JML03/30.12.7,3.05,13.55,10.53,6.85,46.26,51.91,,,,,
chcauri,23/11/01j38,3.35,17.80563142,14.39036286,8.536220575,78.83762953,90.92069217,,2.115255215,5.338524144,40.09130658,15.65859721
chcauri,6/12/01j32,4.25,23.38988836,19.1293872,10.8131877,148.5455142,146.3741239,,2.359607843,6.063333333,70.58054594,23.14571319
chcauri,10/12/01j11,3.7,22.35312787,17.39315184,9.682100289,128.7426246,126.6445147,,,,,
chccap,05LARV0106,2.8,16.24679917,12.46433362,7.439336666,62.17995518,67.54747403,0.1,1.707108889,4.389708572,32.05642835,13.93175945
chccap,05LARV0107,2.7,17.61661426,13.66614256,7.865566038,75.38530803,84.60459985,0.09,1.839622642,4.718291405,48.51716704,15.60584035
chccap,05LARV0108,2.2,19.4082397,15.62921348,9.36454432,80.29912672,103.7249007,0.14,2.126092385,4.90886392,59.81910876,16.10034897
chccap,05LARV0109,2.7,34.25121951,26.65609756,15.83902439,263.0577037,315.2290303,0.11,4.175609756,7.090243902,153.420583,45.03271862
chccap,05LARV0110,2.7,16.81240891,13.3312513,7.922826012,62.95658061,79.34234201,0.1,1.735026719,3.887153862,42.987337,11.2513635
chccap,05LARV0111,2.9,17.676666,14.04737937,7.8887323,76.252095,85.25948913,0.12,1.871686464,4.776189517,47.59507058,13.01568452
chccap,05LARV0112,3,18.3638137,14.55254816,8.538161424,126.6782339,91.98367887,0.13,1.954401366,4.998780785,55.63912573,14.56755095
chccap,05LARV0113,2.8,17.29583233,13.63285955,7.972777644,73.21191859,77.66615145,0.12,2.051312937,3.991809203,46.50103034,13.05801164
chccap,05LARV0114,2.9,16.94547249,13.59363434,7.899087096,70.60105222,76.810414,0.09,1.850481125,4.565753763,41.66968764,13.22533183
chccap,05LARV0117,2.9,16.99337748,12.89825406,7.58217941,75.59477056,72.70958465,0.1,1.685731487,4.456351595,40.00114538,13.57052268
chccap,05LARV0130,3.7,22.41234568,17.95308642,10.68888889,124.8285322,140.2530102,0.27,2.349382716,6.316049383,82.09114464,22.45084591
chccap,05LARV0198,2.9,17.00073873,13.29721743,7.873676434,73.4004656,80.070479,0.11,2.004432406,5.615611918,43.38540532,17.1752845
chccap,05LARV0199,2.9,17.34730755,13.85134321,7.349716902,64.91395505,75.24678223,0.11,1.931092639,4.471750392,43.01474687,13.54006708
chccap,05LARV0200,2.8,16.79382716,13.08765432,7.655555556,74.01310776,74.80566987,0.1,1.728395062,4.692592593,39.61286389,13.8088706
chccap,05LARV0201,2.9,17.22141998,13.81588448,7.758122744,70.94232081,75.54727244,0.11,2.101083032,4.25511432,43.31261105,12.75774334
chccap,05LARV0202,2.9,16.61815995,12.76969333,7.653638004,67.40023482,72.96870915,0.11,1.938665063,4.236921227,35.89858,11.32497508
chccap,05LARV0203,3.1,17.90387183,13.9822794,7.604078165,74.64520216,83.08642988,0.12,1.767204758,4.952057289,42.85433059,14.26022414
chccap,05LARV0219,2.9,16.36352941,12.59882353,7.177647059,56.55363322,72.62283737,0.1,1.785501726,4.352941176,35.48788927,12.09688581
chccap,05LARV0220,2.9,17.02297346,13.31627187,7.632424711,71.43990559,75.02465293,0.1,1.904535174,3.811451018,40.11233096,12.55370019
chccap,05LARV0221,2.7,16.38878993,12.82389265,7.366108538,58.71964024,67.95627914,0.09,2.02232514,4.637216483,33.43522263,13.35434662
chccap,05LARV0222,2.9,17.13889893,13.26707626,7.85327069,65.07359143,73.63590609,0.11,1.571084337,4.471750392,39.69140779,12.48066205
chccap,05LARV0223,2.8,16.717243,13.42154787,8.012232416,72.29815327,74.3179639,0.11,1.881910139,4.710656316,43.52276888,14.33235491
chccap,05LARV0224,2.9,16.4480419,12.63659088,7.618140698,64.02953854,71.08568154,0.1,1.671229616,4.074514939,38.70960374,11.10846608
chccap,05LARV0242,3.1,16.96871239,13.72803851,7.859205776,64.57068963,81.77409382,0.13,1.867629362,5.40433213,45.02136669,14.3796131
chccap,05LARV0243,2.7,17.40763322,13.58127058,7.846604073,66.32825922,78.31224867,0.1,1.636385807,4.743323985,37.08197232,14.36294517
chccap,05LARV0253,,,,,,,,,,,
chccap,05LARV0254,,,,,,,,,,,
chccap,05LARV0255,,,,,,,,,,,
chccap,05LARV0262,,,,,,,,,,,
chccap,05LARV0263,,,,,,,,,,,
chccap,05LARV0264,,,,,,,,,,,
chccap,05LARV0275,,,,,,,,,,,
chccap,05LARV0277,,,,,,,,,,,
chccap,05LARV0279,,,,,,,,,,,
chccap,05LARV0283,,,,,,,,,,,
chcmel,15/12/00j30,4.25,21.61379421,17.54096163,8.975892306,115.7901891,122.8891876,,2.413169716,6.358606333,60.43362949,20.83080013
chcple,JML03/19.12.3,3,13.3,10.72,6.89,43.05,53.57,,1.504775215,3.935476357,22.94201658,8.0631074
chcple,JML03/19.12.6,3.3,13.97,11.01,6.99,51.46,56.08,,1.565860052,3.860707264,20.6699776,9.477194522
chcple,JML03/22.12.1,3,14.22,11.14,7.09,50.33,57.47,,,,,
chcple,JML03/30.12.1,3.15,13.99,11.22,6.7,48.74,57.33,,,,,
chcple,JML03/30.12.13,3.2,11.97,9.75,6.78,38.1,47.25,,,,,
chcple,JML03/30.12.15,3.15,12.81,10.56,6.57,43.81,51.92,,,,,
chcple,JML03/30.12.17,2.65,12.53,9.81,6.32,36.01,45.35,,,,,
chcple,JML03/30.12.23,3.2,15.56,12.26,7.77,56.54,67.07,,,,,
chcple,JML03/30.12.3,3.25,13.33,10.85,6.88,37.89,54.85,,,,,
chcple,JML03/30.12.9,3.15,13.35,10.67,6.7,41.62,50.91,,,,,
chcple,27/11/01j12,2.8,12.79884846,9.935440402,6.054881784,37.89879694,47.50822355,,,,,
chcrai,JML03/17.12.1,3.3,13.55,10.59,6.85,45.57,55.58,,1.698987889,3.740564549,22.58202895,8.964093782
chcrai,JML03/17.12.3,3.3,14.08,11.17,7.24,50.21,57.79,,1.748258537,4.181694619,23.70778729,8.78486198
chcrai,JML03/21.12.5,3.3,14.81,11.86,7.46,51.12,61.84,,,,,
chcrai,JML03/21.12.6,3.6,15.3,12.61,8.08,55.19,70.28,,,,,
chcrai,JML03/22.12.9,3.3,14.63,11.55,7.47,55.38,62.62,,,,,
chcrai,JML03/30.12.11,3.35,14.28,11.51,7.38,45.38,61.91,,,,,
chcrai,JML03/30.12.19,3.25,13.78,11.25,7.09,38.22,56.96,,,,,
chcrai,JML03/30.12.21,3.5,14.3,11.38,7.29,42.58,60.8,,,,,
chcrai,JML03/30.12.24,3.45,14.58,11.7,7.12,45.26,61.09,,,,,
chctri,JML03/19.12.9,3.65,13.6,10.78,6.27,42.39,50.5,,1.493167642,3.640809689,21.16511098,9.116227268
chLIb,18/11/01j14,3.8,21.11041419,16.16718936,10.22190981,115.4076153,118.7233669,,2.372193382,6.285970647,59.47562501,23.42038716
cnHsp1,05LARV0160,3.8,34.10624045,31.99083324,6.166412034,168.26632,158.7363389,0.29,1.778117288,2.479727348,93.57336603,5.966596919
dicant,05LARV0013,4.8,11.93429354,10.50113082,4.75181526,6.645243102,45.56738127,0.08,0.595167242,0.595167242,2.805454444,1.289375527
elon,tci03nov19m,3.3,43.40612986,39.30478428,5.190089705,199.1857261,179.2591703,0.56,3.963713268,7.654719501,154.9888532,32.93799643
elon,tci03nov19o,3.5,44.52758056,38.1474604,6.395958493,181.2763437,169.9118972,0.43,2.957994657,7.524583641,97.75982448,22.84875004
elon,tci03nov1b,2.3,,,,,,0.31,,,,
elon,tci03nov1c,2.6,39.99429802,34.43170299,4.761150532,159.1428533,152.3352897,0.35,,,,
elon,tci03nov1d,2.6,37.69712668,32.91247515,5.290042769,117.9274375,135.5367254,0.25,,,,
elon,tci03nov2b,1.6,29.30307942,25.6732577,4.54197731,62.28286081,83.97826047,0.15,,,,
elon,tci03nov2c,2.3,31.08539408,27.19210622,4.169204532,89.28189709,94.11215679,0.11,,,,
geHsp1,05LARV0150,,,,,,,,,,,
geHsp1,05LARV0151,,,,,,,,,,,
geHsp1,05LARV0152,,,,,,,,,,,
geHsp1,05LARV0153,,,,,,,,,,,
geHsp1,05LARV0154,,,,,,,,,,,
geHsp1,05LARV0196,,,,,,,,,,,
geHsp1,05LARV0197,,,,,,,,,,,
geHsp1,05LARV0216,,,,,,,,,,,
geHsp1,05LARV0217,,,,,,,,,,,
geHsp1,05LARV0235,,,,,,,,,,,
geHsp1,05LARV0239,,,,,,,,,,,
geHsp1,05LARV0271,1.3,13.85834642,11.94202485,2.493217193,21.81802952,23.53084679,0,1.150935313,2.257603884,14.94636975,3.935401586
geHsp1,05LARV0272,1.2,13.78714286,11.52857143,2.774285714,22.02040816,22.87755102,0,1.178571429,2.235714286,14.57142857,4.163265306
geHsp1,05LARV0273,1.2,12.61328455,10.77821559,2.428933296,17.15013274,18.97208679,0,1.134252744,1.975795103,11.14956666,3.228027294
geHsp1,05LARV0054,1.2,12.08213305,10.27199035,2.486099015,20.96803672,22.26956297,0,1.073892946,2.412407048,12.71456507,3.240351565
geHsp1,05LARV0055,1.1,11.52946775,9.944259398,2.47433893,19.13928474,23.40888858,0,1.188906261,2.040649854,11.51499217,3.668902
geHsp1,05LARV0056,1.3,13.8082344,11.41428869,2.982017635,21.09942525,24.52681647,0,1.528848157,2.24119975,15.06413158,4.83498367
hahfla,05LARV0225,1.8,16.07952564,12.88687362,3.853040344,36.48421356,35.92998875,0.03,1.878851296,2.654342518,19.03289096,5.055611661
hahfla,05LARV0324,2,16.21138626,13.27546592,4.087311718,38.73129761,36.56416989,0.03,1.65943324,3.380137861,17.53255205,8.375215385
hoLIa,2/01/01j19,4.3,34.81315789,29.96432749,10.11842105,218.1072809,205.0605314,,2.692611327,7.31820707,130.6966761,30.14084533
hoscor,05LARV0105,,,,,,,,,,,
hoscor,05LARV0156,5.8,42.37065734,35.58110472,12.3744064,302.2551036,330.7252417,1.09,3.249187703,10.6335916,187.9841212,43.11906277
hoscor,tci03nov22b,3.4,36.8912656,31.75757576,9.790255496,236.0009165,216.6822184,0.62,1.85146328,6.964660409,122.1902717,20.37368422
hoscor,tci03nov22e,4.1,35.79718171,30.44920313,9.147744754,207.0126272,225.877051,0.64,2.051747068,7.696167332,124.2957094,17.81917791
hoscor,tci03nov22g,4,37.18746604,30.77268611,8.857815613,239.0858096,192.7048003,0.71,,,,
hoscor,tci03nov22l,3.4,37.61016596,31.56447469,9.979306993,256.1681236,208.9370293,0.59,,,,
hoscor,tci03nov23e,3.5,38.45168946,31.8805821,10.09431016,249.0753724,223.196905,0.66,,,,
hoscor,tci03nov23f,4,34.86260743,29.91950127,9.200459993,226.4151076,187.5106575,0.6,,,,
hoscor,tci03nov23g,3.3,36.7786749,32.15922584,9.509617668,239.9299287,215.2718443,0.78,,,,
hoscor,tci03nov23i,4.1,37.79438779,32.02381706,9.751061,240.8464149,217.3018381,0.74,,,,
hoscor,tci03nov26a,3.1,35.54642645,29.50108889,9.01009701,189.3868054,185.6827534,0.6,,,,
hoscor,tci03nov27a,4.6,35.47495177,31.21353832,9.437657099,234.0308524,214.9226667,0.81,,,,
hoscor,tci03nov27b,4.6,37.89121566,31.21348926,9.5583356,217.2314002,219.4561981,0.81,,,,
hoscor,tci03nov27c,4.2,34.1871158,29.80008996,8.398720576,207.5806354,180.4026011,0.78,,,,
hoscor,tci03nov28a,3.9,36.39712961,30.8611184,8.897348385,199.3699792,205.305205,0.76,,,,
hoscor,tci03nov28b,4.4,44.015712,38.4684616,12.09823812,336.7513985,306.2973489,1.2,,,,
hoscor,tci03nov28c,4.7,34.81565013,30.73641891,8.413414395,205.3477255,186.6937366,0.76,,,,
hoscor,tci03nov28d,4.1,36.56253309,30.50090014,10.17049666,231.5906957,207.4795148,0.67,,,,
hoscor,tci03nov28e,3.9,35.76509196,30.95634587,8.230023659,202.5417423,188.4731328,0.67,,,,
hoscor,tci03nov28f,4.1,37.75582548,32.21839365,9.696083292,257.7029311,222.2242569,0.77,,,,
hoscor,tci03nov28g,4.1,37.89385475,32.31773743,9.395251397,214.4274133,201.2753191,0.72,,,,
hoscor,tci03oct25i,3.6,34.22040816,29.31938776,8.575,179.3028946,183.4782382,0.43,,,,
hoscor,tci03oct29a,3.5,34.79400026,29.7618128,9.44766319,207.1402071,194.7492577,0.67,,,,
hosvex,tci03nov21a,3.1,31.88841918,27.63655579,8.072088108,153.7490581,153.3220892,0.34,1.737840066,4.727672437,94.28558634,13.27863899
hosvex,tci03oct25a,3.9,37.30899679,30.71893966,9.014637629,207.4789267,197.2522564,0.73,2.567865004,8.729823918,128.3608693,21.36298969
hosvex,tci03oct25b,4.1,39.98252185,34.92197253,10.22284644,277.5400911,267.1403255,1.07,,,,
hosvex,tci03oct25c,4.1,41.12646171,33.94379479,9.620897774,229.970584,239.0483702,0.98,,,,
lacpar,05LARV0331,2.1,17.20691132,14.20819649,3.724118235,46.3684104,42.71847836,0.02,2.004855062,3.572754534,23.6328002,9.971043397
lacpar,05LARV0332,1.7,17.27588121,13.91895643,4.220094366,39.76779766,40.71144032,0.03,1.948376353,3.21815154,21.02975063,9.224588416
lacpar,05LARV0333,1.5,14.3148688,11.81174511,3.057059559,27.21497045,27.15714828,0.02,1.249479384,2.651672914,11.85354591,5.820765635
lacpar,05LARV0334,1.7,17.39050838,14.21349106,3.429094494,35.34017326,34.22959543,0.03,1.135051401,2.410928038,19.5541026,5.136422489
lacpar,05LARV0335,1.9,16.93529412,14.28382353,3.532352941,34.40743945,36.52681661,0.03,1.332352941,3.032352941,21.88581315,7.309688581
lacpar,05LARV0336,2.1,18.15826929,15.13948192,3.969541702,41.87204632,44.38396395,0.04,1.45175064,3.003131227,22.60725868,5.813873872
lelsp,20/11/01j18,2.1,19.69178406,16.26094356,4.766379881,51.51773581,54.07456526,,2.153596559,4.570921919,29.55350785,9.20975904
lelsp,20/11/01j20,2.1,22.07686408,18.27947182,5.699716009,63.22076925,75.18711113,,2.480368802,4.918607729,40.69568791,16.11888648
lelsp,20/12/01j27,3.35,28.53088281,23.5156867,7.698327231,129.828802,127.0100347,,,,,
lelsp,20/12/01j30,3.45,28.06704326,23.61322268,7.490527001,120.7892759,128.6462315,,,,,
lelsp,21/11/00j15,1.62,18.58452179,15.18034212,4.347173389,47.21981413,45.01613957,,,,,
lelsp,22/12/01j38,2.6,23.63689605,19.69776197,5.419577494,84.59547201,76.72250381,,,,,
lelsp,23/11/01j39,2.1,18.70703904,15.7666945,4.579889925,50.99321681,52.67838629,,,,,
lelsp,29/11/01j31,1.75,16.17716629,13.62114574,3.781684325,32.09157061,36.44757862,,,,,
lelsp,29/11/01j39,1.95,17.79895983,14.35622167,4.108830868,39.23989465,42.9861861,,,,,
lelsp,JML03/18.12.4,2.45,23.01,19.23,5.92,83.38,86.56,,,,,
lelsp,JML03/29.12.1,2.4,19.26,15.5,5.29,50.26,53.73,,,,,
lelsp,23/12/01j25,2.45,23.62953586,20.13016878,5.922151899,81.59705532,81.87656893,,,,,
lelsp,24/11/00j11,2.25,24.02237388,20.10342644,5.855202983,82.64468169,78.50625978,,,,,
lelsp,24/11/00j23,1.9,19.56780358,16.14630134,4.241599696,51.64678505,52.75195738,,,,,
lelsp,24/11/00j24,2.2,23.35809894,19.16740374,6.016864202,78.09596712,77.58137725,,,,,
lelsp,24/11/00j27,1.9,23.30322367,19.22046352,5.758956935,78.35713719,75.32015716,,,,,
lelsp,24/11/00j9,2.99,27.84092183,22.17001234,7.387293933,128.9390013,110.2879371,,,,,
lelsp,28/11/01j16,2,17.43892539,14.43872628,4.320176446,48.06677319,46.01875312,,,,,
lelsp,29/11/00j22,1.8,18.66601493,15.88162105,4.134820476,47.5011339,48.93469822,,,,,
luccun,JML03/17.12.11,2.4,22.52,18.4,5.44,62.73,72.39,,1.83127572,4.081062194,37.75494315,10.15579417
luccun,JML03/18.12.2,2.5,25.02,19.77,6.12,87.94,85.62,,2.176118569,5.293261384,43.56202983,13.44223374
luccun,JML03/20.12.4,2.35,15.61,12.32,3.86,26.24,31.48,,,,,
luccun,JML03/21.12.2,2.6,14.33,11.95,7.06,46.92,60.02,,,,,
luccun,JML03/21.12.4,2.45,25.24,19.41,6.24,100.55,84.19,,,,,
luccun,JML03/22.12.6,2.8,25.36,20.8,6.63,103.84,94.49,,,,,
luccun,JML03/22.12.8,2.8,25.41,20.01,6.03,86.12,82.38,,,,,
luHunknown,05LARV0127,2.1,21.2736579,17.31698607,6.349244138,70.12219214,80.08297231,0.08,2.265206523,4.881561719,35.20987017,17.78204711
lulana,tci03nov19a,2.1,37.11519199,30.07679466,10.83954739,195.3777397,238.3025964,0.21,2.809682805,7.426265999,61.81080258,25.1268964
lulana,tci03oct25d,2.7,27.60501995,22.57298887,7.588216761,97.98333013,117.8910193,0.23,2.605622659,5.098370167,56.51789438,14.52800613
lulana,tci03oct25e,2.5,26.63456909,20.33076553,7.29947039,77.22426586,100.4977133,0.25,,,,
lulana,tci03oct25f,2.5,31.57518134,25.24946089,8.979121741,111.2525034,153.9573042,0.22,,,,
lulapo,05LARV0080,3.2,26.98244331,22.34942697,7.984637893,106.9823104,120.0336469,0.15,2.806632529,3.91855645,56.67966508,18.22430354
lulapo,05LARV0081,3.3,25.54124022,21.07164359,8.187838651,105.1425539,121.0908178,0.15,2.410596026,5.790487658,56.02190132,25.38673634
lulapo,05LARV0123,2.2,22.28168329,17.85453661,6.898564826,80.2351624,91.13732218,0.09,2.507905619,4.896618828,42.88380085,18.7718328
lulapo,05LARV0124,2.5,18.58099878,14.97442144,6.338611449,59.64028894,64.47678999,0.07,2.070645554,4.065773447,30.20587768,13.5451701
lulapo,05LARV0141,,,,,,,,,,,
lulapo,05LARV0155,2.6,20.46139019,16.71003494,6.20166245,66.84410395,75.39190621,0.09,2.172027467,4.7042525,32.46423372,15.9781499
lulapo,05LARV0269,1.9,15.47883561,12.94754606,4.930389537,37.8512805,45.56392386,0.03,1.54689917,2.953171143,21.23943326,6.941379026
lulapo,05LARV0288,1.8,22.00760242,17.62353935,6.336759116,70.56126671,77.41918758,0.08,2.252569337,3.660425172,33.79408982,16.3916201
lulapo,05LARV0305,2.6,20.11926274,16.49680761,6.024575352,64.14479797,72.08307953,0.09,1.927478617,4.712685219,32.50777092,13.4384803
lulapo,05LARV0306,2.1,18.93672077,15.39049635,6.473770877,60.19312378,62.35127761,0.06,1.999529522,3.530933898,28.60937255,10.79076914
lulapo,05LARV0307,2.1,18.6455542,15.23507917,5.96954933,52.25201434,61.52444733,0.04,2.070645554,3.047503045,27.93598609,10.80052994
lulapo,05LARV0308,2.2,19.81467935,16.12411607,6.344793953,57.94317716,71.72289117,0.08,2.194586686,4.146549622,32.55401692,16.15808968
lulapo,05LARV0309,1.6,15.66071429,12.76428571,5.035714286,39.44160998,41.19897959,0.04,1.547619048,3.214285714,19.62868481,8.035714286
lulapo,05LARV0310,2.1,19.21994569,15.2678351,6.429276722,57.12770666,66.92320409,0.05,2.113058504,3.088126389,37.29296691,11.92826515
lulapo,05LARV0319,2.2,19.19855596,15.42960289,5.9566787,51.30611199,67.07589916,0.05,2.166064982,3.642599278,29.72945185,11.52686005
lulapo,tci03nov15d,1.4,19.3948299,15.16511431,5.681127659,58.729413,66.19432255,0.09,2.168423097,6.091496285,32.42063094,15.57586547
lulapo,tci03nov21m,2.3,23.18605171,19.06266299,7.901050592,78.73498123,102.5131454,0.24,2.866794626,5.636084453,48.6882969,18.37894791
lulcar,19/12/01j42,2.9,29.8989899,25.83980509,7.875742348,157.788871,148.9413063,,3.166363473,6.799559302,91.94736209,27.00781434
lulcar,20/12/01j23,3.5,29.60647157,25.36640495,8.139186296,150.3922201,141.0580537,,3.259468463,6.011055592,81.45862897,27.81733022
lulcar,20/12/01j37,2.85,28.80345355,24.60872477,8.193341624,136.6388729,138.7192469,,,,,
lulcar,23/12/01j38,3.3,29.26987084,25.22511703,7.793926619,150.2155074,143.2918272,,,,,
lulcar,23/12/01j4,2.9,28.0329985,24.22455877,8.030182125,137.383098,132.8927306,,,,,
lulcar,23/12/01j42,2.85,28.56121576,25.1351944,8.035788689,143.4546768,143.9033529,,,,,
lulcar,24/12/01j29,3.2,29.12391495,24.82273481,8.290744172,156.8290646,140.1273614,,,,,
lulcar,24/12/01j34,3.1,29.36634758,25.43202432,8.306575212,155.7988424,154.2863303,,,,,
lulcya,tci03oct25k,2.7,32.33668688,26.69032525,8.755512679,163.5864369,169.6786084,0.54,3.102793217,7.961725181,102.9160187,31.07281623
luLI19c,19/12/01j31,2.8,27.19290396,22.03194559,8.466029843,119.6008726,128.1936947,,2.691844114,6.11311995,60.35265095,24.8777014
luLI19c,22/12/01j19,3.05,26.33452457,21.49172824,7.427722454,112.4148887,118.3495796,,2.70242393,5.442337446,54.13894735,22.35900203
luLI19c,23/12/01j14,2.9,27.12219512,22.88682927,8.109512195,130.1713266,126.5365854,,,,,
luLI19c,23/12/01j27,2.85,27.98236479,22.91351339,8.61047467,152.6782541,143.0206059,,,,,
luLI19c,24/12/01j10,3.2,26.10270726,21.68755004,8.319158605,129.7694352,128.5962824,,,,,
luLI19c,24/12/01j20,3.2,26.53059889,22.25722701,8.652994437,144.3574746,135.8204426,,,,,
luLI19c,26/12/01j33,2.85,21.47775041,17.77078202,6.536175256,84.47560924,81.69587681,,,,,
lulmah,05LARV0079,3.6,27.17833232,22.78880097,8.057212416,127.7445879,149.0230043,0.16,2.799756543,5.600730371,62.23492276,24.90878694
lulmah,05LARV0125,3.1,27.74878049,22.88902439,8.03902439,120.0029744,133.9678763,0.18,2.815853659,6.315853659,66.09161214,26.1600238
lulmah,05LARV0126,3.2,30.27104671,24.63777167,9.250562078,127.7458094,172.0387201,0.22,3.038970772,5.794404197,80.48859683,24.6037056
lulmah,05LARV0128,2.2,18.33194527,14.99821535,6.067816776,54.00315172,64.93118137,0.06,1.788221297,3.809637121,28.76393297,12.45682137
lulmah,05LARV0204,3.89,32.09626955,27.14921781,9.393501805,178.3187872,186.5005409,0.33,3.507821901,10.00601685,85.71292036,35.72457755
lulmah,05LARV0206,3.1,27.01663586,22.21072089,8.394331485,125.1571202,135.3616319,0.2,2.600123229,6.849044978,67.05821924,28.86722708
lulmah,05LARV0320,2.2,19.25842697,16.50062422,6.013732834,61.08157562,69.7162255,0.04,2.122347066,3.747815231,30.813543,9.445122436
luochr,05LARV0086,2,19.68142681,16.48093481,5.659286593,54.28393767,62.0603992,0.05,1.848708487,2.217712177,32.70955219,11.87650253
luochr,05LARV0121,2.5,24.68658537,19.79512195,6.846341463,92.05829863,111.6745985,0.12,2.465853659,4.513414634,53.09339679,18.47114813
luochr,05LARV0122,1.8,19.17349398,16.02048193,5.203614458,48.45405719,61.69255335,0.04,1.942168675,3.78313253,25.76571346,10.5530556
luochr,05LARV0129,1.9,21.12341432,17.21565255,5.70629972,61.70313789,71.8733498,0.07,2.053321866,3.416469576,33.81595458,12.97857723
luochr,05LARV0268,1.7,18.77513711,15.72577697,5.118829982,48.48339009,60.82704731,0.05,1.828153565,3.168799512,32.60448568,8.719286147
luochr,tci03nov23a,1.8,22.86264442,17.94672657,5.718870347,64.36611897,75.07732668,0.08,2.210428305,4.18125388,34.70090983,10.06811874
luochr,tci03oct25j,2,23.93279645,19.48181061,6.149402944,63.27656986,80.10055524,0.15,2.219844144,4.466578861,38.35968783,11.64915384
luochr,05LARV0060,2.4,20.13907642,16.18822576,5.773021874,64.24931242,69.81460828,0.05,2.573588982,5.217391304,35.65253418,18.44615262
moHunkown,05LARV0162,,,,,,,,,,,
moJEFFpara,JML03/13.12.15,2.15,19.05,14.79,7.62,74.32,84.68,,1.854809349,2.782214024,29.83907604,9.575278648
moJEFFpara,12/12/01j12,2.65,33.87090288,38.9037469,30.56169985,275.0188507,339.210246,,2.196231446,6.077723966,46.93395336,21.86227221
moJEFFpara,12/12/01j15,2,18.32337152,14.14518067,7.443634324,56.97152581,71.08312848,,,,,
moJEFFpara,12/12/01j16,2.55,22.08309018,17.79525968,8.491942362,97.54471187,107.4260307,,,,,
moJEFFpara,12/12/01j3,2.5,23.28446677,18.70661961,9.845255871,99.66748141,118.9896614,,,,,
moJEFFpara,12/12/01j37,2.3,19.31524381,15.54083885,7.732453767,63.64863476,83.86960632,,,,,
moJEFFpara,12/12/01j39,2.45,21.34475953,16.74138745,8.712514479,91.13682299,98.30907037,,,,,
moJEFFpara,12/12/01j40,2.7,22.17156841,17.50414646,9.163728645,89.59559913,107.4092467,,,,,
moJEFFpara,16/12/01j10,3.1,27.87360359,22.30223652,11.42076998,162.6267808,171.7829228,,,,,
moJEFFpara,16/12/01j14,2.95,19.7402863,14.19427403,6.838445808,81.34542763,72.01751415,,,,,
moJEFFpara,16/12/01j3,3,26.38355263,21.25,10.00087719,149.2141813,151.8592259,,,,,
moJEFFpara,24/11/00j25,1.6,21.30923279,16.62889416,9.89101769,97.75214611,101.7580583,,,,,
moJEFFpara,26/11/00j25,1.77,25.92994357,20.19794743,10.63682348,100.9465264,142.3243604,,,,,
moLIb,12/12/01j29,2.4,31.43306753,25.72936089,9.549199296,129.4820993,157.5102538,,3.143794134,7.04318849,59.22198695,36.2460831
moLIb,12/12/01j30,2.05,23.68808364,19.69623627,7.318942118,81.95364158,94.33907544,,2.053265619,6.166095823,35.34581251,20.34722602
moLIb,16/11/01j16,2.4,28.89742624,23.70546139,10.91726303,117.4031554,168.5730375,,,,,
moLIb,16/11/01j19,2.9,30.1282415,26.25092209,12.03313851,154.1680784,194.135702,,,,,
moLIb,16/11/01j20,2.3,25.16022044,20.25111593,8.278097803,66.14989628,116.7086273,,,,,
moLIb,24/12/01j6,3.75,26.38355263,32.01730104,14.36055363,265.824164,287.6833371,,,,,
momcil,05LARV0063,1.2,10.42588155,8.708661417,3.976720301,15.80358548,22.91543335,0,0.890106128,1.370763437,9.319943026,1.767413743
momcil,05LARV0064,1.5,13.27793934,10.94239025,4.92037114,28.04795389,37.646587,0.01,1.317684531,2.332779393,15.97055289,3.130822887
momcil,05LARV0018,1,10.88822475,9.067543335,4.121936641,17.69248166,28.36799361,0.01,0.910938434,1.398684997,13.84815406,2.343753629
momtuc,05LARV0101,2.5,25.58471965,21.01910043,8.134319162,89.77540584,115.5752053,0.11,2.218114603,3.822550832,57.81038059,16.49121968
momtuc,05LARV0142,2.7,27.28960838,23.22699679,9.766694441,93.21759993,139.224219,0.08,2.621116534,5.595762409,53.72870329,21.29594964
momtuc,05LARV0188,3.1,28.73007842,23.71869466,8.981785985,92.00888072,138.725266,0.24,2.28054642,4.308120415,54.02781954,18.49456896
momtuc,05LARV0042,1.4,10.73603389,9.13489542,4.505559968,17.30984095,27.95598458,0.01,1.323801959,1.403891978,9.91887621,1.629780013
momtuc,05LARV0017,1.3,11.05523994,9.770337242,3.754381724,20.99571744,27.01536643,0.01,1.039526169,1.455336637,11.46947682,1.782517417
moolon,JML03/1.1.2,2.5,23.29,19.94,5.79,96.27,83.25,,2.23566776,3.881725015,40.73271171,12.34829703
mosset,05LARV0099,2.8,25.27316486,20.80625752,11.22262335,95.87856829,155.0333714,0.23,2.527075812,4.332129964,55.95450655,19.24522236
mosset,tci03oct26f,1.9,19.40434193,16.23617707,8.203951832,53.71407483,82.14682608,0.11,1.652686489,4.397183099,24.42207098,9.898965656
mosset,05LARV0004,,,,,,,,,,,
muLIa,20/12/00j2,2.8,49.3081203,41.8496597,9.384291707,316.5326231,281.448431,,4.741981021,10.82346483,187.5107622,54.35056674
neLIb,23/12/01j16,2.1,17.31099872,14.47867054,3.857734786,43.68942024,43.12909876,,1.873433493,3.700795387,23.1013787,9.792042612
neLIb,23/12/01j21,2,17.15202999,14.37212518,3.781473505,42.65236872,39.81885682,,1.761749217,3.825078328,25.4630937,8.961116256
neLIb,23/12/01j39,1.8,17.99882982,14.93263544,4.176602676,50.39928732,46.42733866,,,,,
neLIb,24/12/01j36,1.95,17.59752322,13.7879601,4.695424837,44.22344367,44.35465252,,,,,
nesbil,6/12/01j40,1.6,14.44124294,11.96680791,3.460310734,32.88626353,33.08496122,,1.756687463,2.949747885,19.9071496,6.794643702
nesbil,JML03/13.12.14,2.3,16.81,14.05,4.55,45.14,45.76,0.041,1.975632051,2.744013912,26.74660755,6.826322155
nesbil,JML03/14.12.1,,15.92,13.21,3.79,36.4,36.19,,,,,
nesbil,JML03/15.12.19,2,15.7,13.23,3.92,41.12,37.86,,,,,
nesbil,JML03/17.12.10,1.95,15.34,12.5,3.92,33.97,33.72,,,,,
nesbil,JML03/17.12.8,3,26.96,23.39,7.82,132.56,124.33,,,,,
nesbil,JML03/24.12.14,1.7,12.13,10.18,2.97,18.55,20.78,,,,,
nesbil,JML03/24.12.16,1.75,13.29,10.89,3.26,22.71,24.45,,,,,
nesbil,JML03/24.12.18,1.75,13.26,10.93,3.07,24.2,23.4,,,,,
nesbil,JML03/24.12.20,1.9,13.36,11.15,2.81,22.42,24.99,,,,,
nesbil,15/12/01j22,2.1,18.44581952,15.26747698,4.727808471,51.53422939,52.67791988,,,,,
nesbil,15/12/01j39,2.25,18.39907937,15.51680848,4.392802343,53.12060161,49.19936956,,,,,
nesbil,15/12/01j42,1.85,17.35050019,14.40036187,4.099985578,48.80970327,44.13431063,,,,,
nesbil,18/11/01j40,1.7,15.46626156,12.87791953,3.716124759,36.96731409,34.87867038,,,,,
nesbil,28/11/00j18,2.3,16.53264569,14.00308739,3.935024383,44.51848192,40.67010778,,,,,
NoLIa,22/11/01j7,2.4,21.23247044,17.3103665,7.505401265,78.45159445,91.52641013,,1.59102001,5.542606149,34.96836057,16.63719116
NoLIa,10/12/01j21,2.5,17.78830128,14.35400641,6.6125,43.61516889,67.48926488,,1.735437866,4.162326737,23.6463583,10.18209805
NoLIa,16/11/01j15,2.9,20.91355641,16.43436293,8.324324324,69.30629839,92.94457171,,,,,
NoLIa,24/11/01j24,2.2,15.90897418,12.45630731,6.159574629,49.0992459,52.50500823,,,,,
NoLIa,27/12/00j20,2.4,24.11158117,20.23744051,8.287678477,116.7600376,109.9561199,,,,,
ogona,05LARV0043,1.9,5.758509871,4.92883846,1.906604578,4.374739045,7.011626985,0.01,0.655866728,0.767364072,2.520744425,0.585019184
ogona,05LARV0058,1.4,6.52567154,4.809248555,2.086365182,7.769252282,9.54045682,0,0.795647739,0.944576675,3.32043044,1.378117369
ogona,05LARV0059,1.5,6.830511931,4.999660072,2.067441702,6.327572825,7.446106516,0,0.795431369,1.552110952,3.572836957,2.500523666
oslbic,05LARV0244,4.8,8.244256636,7.341787587,5.854164126,15.16584273,31.53603179,0.08,0.731618095,1.219363492,4.296988773,1.754479845
oslbic,05LARV0245,4.8,8.195667698,7.36253273,5.84265651,8.65517505,31.23512436,0.09,0.841466318,0.952154249,5.439586283,1.161578321
oslbic,05LARV0247,,,,,,,,,,,
oslbic,05LARV0266,5.1,9.295459892,8.095742178,6.704304869,16.04781052,39.96734879,0.11,0.715125853,1.182074806,8.120745497,2.310331342
oslbic,05LARV0267,4.8,8.797110175,8.074653823,6.266104756,13.15006845,34.89770095,0.08,0.60204696,1.204093919,7.031734508,1.797804287
oslbic,05LARV0286,5.1,9.353751054,7.969935375,6.327620118,14.66468864,37.34265263,0.1,0.842933408,1.264400112,6.454041971,1.657919038
oslbic,05LARV0302,4.1,7.678064436,6.539933342,5.309221084,8.548414984,26.77284336,0.06,0.617207752,0.987532403,4.937052504,1.081884962
oslbic,05LARV0303,4,7.588477366,6.64079953,5.075837743,8.073543902,25.43719312,0.06,0.484420929,0.633744856,4.783298271,0.649754389
oslbic,05LARV0304,3.6,7.619331032,6.752767528,5.124389954,7.778760049,25.41911754,0.05,0.71420069,0.84156648,2.805454444,0.835968748
oslbic,05LARV0311,4,7.686046512,7.297072126,5.389193049,9.009314782,28.34534415,0.05,0.841466318,0.952154249,4.957956248,0.481630035
oslbic,05LARV0312,4.1,7.619331032,6.54088799,5.238662064,7.750422125,26.11339667,0.06,0.357100345,0.952267587,3.00381991,1.176023833
oslbic,05LARV0313,3.7,6.682111938,5.820021949,5.022558225,5.382387321,22.54060547,0.04,0.502377759,0.853554445,3.776592209,0.713686717
osltri,05LARV0287,3.9,7.216752184,6.523367078,5.009014006,9.211800466,24.55839081,0.05,0.554708085,0.693385106,4.173195618,0.692327384
pahcil,05LARV0241,2.9,21.51937793,17.93137497,9.751913108,120.8669932,123.5329529,0.2,2.480868921,6.324364354,58.83392083,20.38316574
pahcil,05LARV0281,2.9,25.21926173,21.72495143,11.22536775,157.0105832,158.8400945,0.27,3.065500971,7.653344435,89.2801501,29.96546884
papsex,JML03/1.1.1,2.2,15.01,12.36,6.42,61.07,58.61,,,,,
papsex,20/12/01j25,2,16.04444294,13.54861369,6.218634967,61.60066448,58.2448684,,1.693906252,3.826649736,32.72307969,9.219136954
papsex,20/12/01j41,1.85,16.03008673,13.48148351,6.302045514,60.42109757,60.58271505,,1.590992535,4.21150682,34.10753106,9.832868381
papsex,20/12/01j5,2.05,16.77506895,14.07577836,6.460038641,71.10038107,62.92070276,,,,,
papsex,23/12/01j19,1.95,15.75753552,13.23250564,6.068251228,62.65784688,62.503393,,,,,
papsex,23/12/01j31,2.1,16.79920121,13.80030299,6.777027958,75.03226207,66.78733581,,,,,
papsex,26/12/01j40,2.25,17.10687135,14.48070175,6.813157895,85.18240655,75.69508567,,,,,
peabre,JML03/24.12.13,1.45,11.82,9.6,3.78,22.2,23.22,,,,,
peabre,JML03/24.12.15,1.4,11.58,8.87,3.26,20.17,20.83,,,,,
peabre,JML03/24.12.17,1.75,13.06,10.34,4.12,27.06,29.61,,1.429015464,2.506022224,17.15369745,5.042496804
peabre,JML03/24.12.19,1.7,13.32,10.31,4.17,26.59,28.45,,1.368659824,2.807544512,16.87528653,4.476939493
peabre,JML03/24.12.21,1.8,13.55,10.83,3.96,25.03,30.18,,,,,
peabre,JML03/24.12.22,1.75,12.18,9.53,4.24,24.77,25.69,,,,,
peacla,19/11/01j9,1.25,10.40091471,8.073696793,3.11054519,19.64052988,19.28041586,,1.260188088,2.321630094,9.691553957,4.660047672
peamel,ameljcuB1,,7.5558,,2.0396,9.1903,9.1761,,,,,
peamel,ameljcuB2,,9.0083,,2.5852,12.2348,13.9549,,,,,
peamel,ameljcuB3,,7.143,,2.0177,8.2211,8.3288,,,,,
peaper,aperjcuB1,,6.7322,,1.8591,6.7014,7.4072,,,,,
peapol,21/12/01j15,1.2,11.37574177,8.995503172,2.963902179,16.03811538,19.00865987,,0.991663826,2.244982284,6.969144341,3.664797624
peapol,21/12/01j16,1.35,11.88703568,9.650873812,3.111701774,18.61012636,21.84513423,,1.124580206,2.133424317,9.42942572,3.451894493
peapol,21/12/01j26,1.45,11.65292401,9.390518146,2.955958161,17.5493372,19.50009107,,,,,
peapol,21/12/01j27,1.05,11.47224255,9.33389837,3.032033748,16.41918705,19.92244415,,,,,
peapol,21/12/01j31,1.3,11.26702606,9.28230009,2.994968553,14.208218,20.77005479,,,,,
peapol,27/12/01j21,1.55,12.59320487,10.10010142,3.226166329,17.83148665,21.88427025,,,,,
peapol,27/12/01j40,1.2,11.73310462,9.242509893,3.071382624,16.36403643,20.68780039,,,,,
peapol,28/12/01j20,1.7,14.06040069,11.34296415,3.448784258,25.60191326,28.35339195,,,,,
peasax,05LARV0083,2.2,16.0313253,12.29638554,5.66746988,44.67992452,47.80084192,0.04,1.927710843,3.134939759,26.72376252,10.49499202
peasax,05LARV0227,2,15.32473851,11.91680856,5.728533204,49.584857,48.37186229,0.03,2.082218438,4.042811968,28.66809453,12.36662901
peasax,05LARV0322,2.1,17.02598051,13.05645766,6.245316013,53.13901159,56.82098656,0.06,1.9110667,4.16937297,29.83023786,12.35645836
peasax,05LARV0326,2.2,16.17229634,12.24666477,6.849276185,51.88724129,54.04249549,0.05,2.066420664,4.202384332,22.74095319,12.14596526
peasax,05LARV0067,2.2,17.03764657,12.8930947,5.897963382,49.26553375,54.61199856,0.05,1.921415347,3.608996777,30.62579186,11.24309356
peavag,22/12/00j30,2.3,16.66809117,12.77891738,5.824643875,59.81221743,55.73209633,,2.337396775,4.764676142,30.43920065,13.28459632
peavag,22/12/01j21,2.35,19.83062089,14.9977042,7.347414248,82.28688522,77.51736868,,2.373933649,4.685308057,37.22113659,14.36949854
peavag,23/11/00j10,2.15,14.9894958,10.47511312,5.382999354,42.15827146,43.15841591,,,,,
peavag,23/11/00j24,2.1,16.06829066,11.50269618,5.438364946,42.99670601,46.89890477,,,,,
peavag,14/12/01j25,2.35,18.27746599,13.70256382,6.11402788,65.65727262,61.64795983,,,,,
peavag,14/12/01j6,1.8,14.4661036,11.11734234,5.146283784,43.73326029,44.83174052,,,,,
peavag,16/11/01j14,2.3,18.73038889,14.19943108,7.003541885,74.04669476,83.37061375,,,,,
peavag,17/11/01j41,2.5,18.97872264,15.0022369,7.373167982,67.46595371,72.70599359,,,,,
peavag,18/12/01j33,2.4,18.66884747,14.24115633,7.030658045,69.63255181,71.49977842,,,,,
peavag,18/12/01j36,2.6,18.84452078,14.88605824,6.597649603,69.58753005,71.86810173,,,,,
peavag,27/11/01j5,2.1,15.4528085,12.05660106,5.632524063,48.42358418,45.95678581,,,,,
pecatr,20/12/00j9,1,9.36840147,7.250360448,3.283568206,14.28963879,18.20706777,,,,,
pecatr,31/12/00j24,1.2,12.4573913,9.891304348,4.244347826,25.69565217,27.86956522,,,,,
pecatr,9/12/00j25,1.4,11.80664221,8.914391455,4.078498848,25.68335036,25.21961881,,,,,
pecatr,JML03/15.12.1,1.7,11.46,9.03,3.64,20.06,23.58,,1.11839838,2.698479366,10.98856398,3.862686797
pecatr,JML03/15.12.10,1.9,12.05,9.49,3.53,23.59,24.04,,1.336047213,2.45584561,13.3460729,4.044774119
pecatr,JML03/15.12.12,2,11.42,8.94,3.8,20.74,22.31,,,,,
pecatr,JML03/15.12.4,1.9,11.09,9.2,3.69,20.72,23.02,,,,,
pecatr,JML03/15.12.6,1.65,10.42,8.26,3.58,20.75,19.94,,,,,
pecatr,JML03/15.12.8,1.85,9.69,7.83,3.74,18.04,20.32,,,,,
pecatr,24/11/00j5,1.3,9.935799611,7.841042642,3.411742006,18.49215929,18.33800669,,,,,
pecatr,28/11/00j11,1.3,9.767484582,8.433276473,3.40007873,18.22394185,20.20811389,,,,,
pecatr,28/11/00j27,1.3,10.41114544,8.089179741,3.231851069,14.10182815,18.07492457,,,,,
pecrol,21/11/00j12,1.4,12.11449721,9.421265141,3.317150548,22.00752957,23.5856023,,,,,
pecrol,21/11/00j14,0.9,12.33926607,10.0669933,3.263673633,23.63527271,22.10557866,,,,,
pecrol,21/11/00j16,1.2,11.31747855,9.397338018,2.876832646,18.82050262,18.39598001,,,,,
pecrol,21/12/00j23,1,11.36170213,8.913689281,3.213970293,17.69517594,19.91271347,,,,,
pecrol,JML03/11.12.3,1.45,11.77,9.48,3.66,21.65,24.38,,1.25,2.071702421,10.51362921,4.434928102
pecrol,JML03/11.12.4,1.65,12.55,9.65,3.7,23.91,24.65,,1.773821832,2.111225984,12.74298113,4.821138792
pecrol,JML03/11.12.5,1.65,11.72,9.61,3.37,22.78,23.95,,,,,
pecrol,JML03/11.12.6,1.6,12.15,9.48,3.54,23.9,25.42,,,,,
pecrol,JML03/11.12.7,1.65,12.6,9.63,3.62,25.47,25.93,,,,,
pecrol,JML03/11.12.8,1.5,11.68,9.15,3.43,20.99,22.99,,,,,
pecrol,JML03/11.12.9,1.55,12.67,9.83,3.62,27.46,26.26,,,,,
pecrol,26/11/00j15,1.48,11.92868852,9.674180328,3.649590164,23.25483741,24.92441548,,,,,
pecrol,28/11/00j22,1.2,12.60346264,9.90926766,3.38070549,25.62968427,25.29752699,,,,,
pecrol,JML03/11.12.1,1.5,12.34,9.63,3.5,22.78,24.16,,,,,
pecrol,JML03/11.12.11,1.7,12.87,9.96,3.79,28.84,27.32,,,,,
pecrol,JML03/11.12.12,1.55,12.29,10.09,3.91,24.98,27.52,,,,,
pecrol,JML03/11.12.2,1.65,12.39,9.66,3.51,25.49,25.79,,,,,
pedaru,20/12/01j10,1.25,9.853043392,7.472942111,3.877552709,17.9809858,20.27681102,,1.231975442,1.925080893,8.980910104,4.209195002
pedaru,6/12/01j10,1.3,8.931566059,7.054316774,3.414276704,15.59152861,16.72837058,,1.312080881,2.172749233,7.842090703,3.370153964
pedaru,6/12/01j29,1.2,8.300967923,6.535609549,3.403458388,14.72026292,15.30475813,,,,,
pedaru,6/12/01j41,1.1,8.672203673,6.684557596,3.286477462,14.8116226,14.72787144,,,,,
pedaru,15/12/01j10,1.3,9.720851823,7.288758873,3.92848584,18.55143869,21.22761352,,,,,
pedaru,15/12/01j3,1.3,9.836842642,7.099503229,3.705061096,18.78808413,19.66265034,,,,,
pedaru,15/12/01j30,1.45,9.824752246,7.806963519,3.662766051,17.93918977,19.61185417,,,,,
pedaru,16/12/01j30,1.2,9.134167803,7.272609534,3.649751259,16.35629681,19.02010788,,,,,
pedaru,17/12/01j28,1.4,9.519105909,7.2392091,3.774693976,16.48025334,19.12723815,,,,,
pedaru,18/12/01j22,1.2,9.738477594,7.654320026,3.858584757,17.13384721,19.66328336,,,,,
pedpro,JML03/14.12.18,1.5,12.2,9.66,3.78,22.26,25.14,,1.328489045,2.416139129,13.19823453,4.523525957
pedpro,JML03/14.12.20,1.55,11.39,9.03,3.33,18.12,19.76,,1.340247265,2.534461963,12.77174397,3.755058112
pedpro,JML03/15.12.11,1.45,11.46,8.94,3.49,20.44,22.27,,,,,
pedpro,JML03/15.12.2,1.5,12,9.23,3.59,21.16,23.45,,,,,
pedpro,JML03/15.12.21,1.85,12.17,9.48,3.7,27.28,26.6,,,,,
pedpro,JML03/15.12.25,1.65,11.26,9.02,3.62,21.98,22.87,,,,,
pedpro,JML03/15.12.3,1.5,11.22,8.76,3.49,19.32,22.8,,,,,
pedpro,JML03/15.12.5,1.6,11.41,9.28,3.55,21.36,23.81,,,,,
pedpro,JML03/15.12.7,2.05,12.26,9.77,3.67,24.66,26.35,,,,,
pedpro,JML03/15.12.9,1.6,11.27,9.52,4.25,22.96,25.49,,,,,
pedpro,26/12/00j5,0.9,11.27008689,8.967980002,4.056659921,26.0394032,26.61403332,,,,,
pedpro,27/12/00j17,1,12.67147618,9.597172886,4.081371077,32.00333663,28.76598939,,,,,
pedret,12/11/01j21,1.2,11.05890446,8.254623408,4.771229283,25.47699747,28.34320767,,1.631720727,3.201531215,9.262495875,5.434308613
pedret,14/11/01j7,1.8,17.21902088,13.22473404,7.239952719,54.56244555,66.56055595,,1.380382699,2.856281535,13.38225011,6.689866333
peLIee,21/11/00j10,1,10.98387097,8.765053763,2.473655914,14.98728177,15.17805527,,0.957395883,2.394021595,8.461639412,3.264704742
peLIee,4/12/01j22,0.8,11.81371884,9.215759468,2.828265689,19.47879654,20.28759806,,1.186797595,2.364811603,10.3600205,4.606383892
peLIee,6/12/01j12,0.9,10.59276235,8.3660255,2.584816157,15.45940727,15.95918662,,,,,
peLIee,28/11/00j24,1.2,11.01058454,8.722940269,2.659964895,15.57665884,16.43951408,,,,,
peLIee,28/11/00j26,0.95,10.85418136,9.018831063,2.98529332,17.35804699,17.39927751,,,,,
peLIn,20/11/01j15,1.3,21.53304742,17.02480865,5.340939405,68.15387576,71.357793,,2.536019633,4.398155478,34.46622977,13.97215011
peLIn,21/11/00j18,1.35,15.61768907,12.36246767,3.561942632,31.65140813,33.38249588,,1.502837339,2.870663061,14.82456417,8.06680824
peLIn,22/11/00j7,1.5,15.71391443,11.99680128,3.679328269,40.9384427,35.500394,,,,,
peLIn,24/11/01j40,1.75,18.26363292,14.39543215,4.850666575,57.77321862,53.64978115,,,,,
peLIn,26/11/00j14,1.25,13.78713592,11.21456311,3.302427184,25.79472618,28.87524743,,,,,
peLIn,26/11/00j7,1.6,15.6107518,11.67400578,4.042016421,39.01723089,34.33897144,,,,,
peLIz,16/11/01j18,1.2,11.89366258,9.43619522,3.690739405,20.30115878,24.91748983,,1.365864248,2.230283227,12.35116823,4.139289971
peLIz,16/11/01j31,1.25,13.20137766,10.50326843,3.772545161,21.53299347,27.38811163,,1.384673377,2.304019434,13.2610791,4.954753154
peLIz,17/11/01j27,1.1,11.61722317,9.213526551,3.156195212,18.97066406,21.09049633,,,,,
peLIz,17/11/01j29,1.2,11.8508144,9.662367004,3.380018674,20.39268983,23.15428019,,,,,
peLIz,17/11/01j32,1.2,12.817121,10.15688567,3.66306122,24.46810138,26.78543237,,,,,
peLIz,17/11/01j38,1.3,11.73423321,9.685006156,3.626818368,19.43983897,23.94095217,,,,,
peLIz,18/11/01j11,1.1,14.04028452,10.74744606,4.003076559,30.32616506,31.29332627,,,,,
pemchr,05LARV0157,2.7,16.80395191,13.34960124,6.905130342,63.91618685,65.95651735,0.1,2.26163552,3.935245804,31.76681244,12.72372773
penazy,JML03/12.12.19,2.2,16.91,13.79,4.52,52.23,45.83,,,,,
penazy,JML03/12.12.20,2.1,16.86,13.75,4.92,47.78,45.61,,1.958911134,2.793507825,21.7521529,7.419548003
penazy,JML03/12.12.21,2.05,16.68,13.48,4.96,43.54,45.97,,1.739532706,3.310407099,23.64441164,9.145544448
penazy,JML03/12.12.22,2.05,17,13.3,4.48,40.14,43.98,,,,,
penazy,JML03/12.12.24,2.1,17.18,13.33,4.75,45.26,44.28,,,,,
penazy,JML03/13.12.1,2.1,17.16,13.95,4.89,42.4,49.19,,,,,
penazy,JML03/13.12.2,2.3,17.61,13.78,4.99,51.29,48.16,,,,,
penazy,JML03/13.12.3,2.3,17.3,14.54,4.82,48.9,52.66,,,,,
penazy,JML03/13.12.4,2,16.46,13.85,4.95,48.91,49.52,,,,,
penazy,JML03/13.12.5,2.15,17.52,13.74,5.18,49.42,53.36,,,,,
penazy,JML03/13.12.6,2.15,18.06,14.22,4.82,45.94,52.35,,,,,
pencya,21/11/01j26,1.85,17.83862589,14.63745287,4.74888982,52.81168822,51.18943923,,1.845939629,3.993568386,25.00448618,9.044754634
pencya,6/12/01j37,2,15.71279564,12.41337271,4.02888028,39.94742683,40.45681382,,2.059887823,3.709064592,26.32674338,8.942517826
pencya,JML03/12.12.23,1.65,15.14,12.46,4.14,37.08,37.57,0.04,,,,
pencya,JML03/13.12.12,1.75,16.52,13.01,4,34.04,34.74,0.042,,,,
pencya,JML03/14.12.14,1.85,16.77,13.29,4.33,35.21,43.61,,,,,
pencya,JML03/14.12.2,1.95,16.69,13.05,4.28,36.14,41.87,0.042,,,,
pencya,JML03/14.12.4,1.65,15.34,12.2,4.08,35.52,35.24,0.044,,,,
pencya,JML03/14.12.6,2.05,16.33,12.98,4.39,35.22,39.26,0.044,,,,
pencya,JML03/14.12.7,1.75,17.16,13.71,4.26,37.77,42.99,0.045,,,,
pencya,JML03/14.12.8,2,15.58,12.12,3.87,34.24,35.48,0.39,,,,
pencya,JML03/17.12.16,1.65,16.48,13.12,4.18,35.21,41.73,0.041,,,,
pencya,JML03/17.12.19,1.9,16.71,13.2,4.07,35.05,38.07,0.041,,,,
pencya,JML03/17.12.21,1.9,16.38,13.24,4.47,35.1,41.68,0.048,,,,
pencya,11/12/01j46,1.6,16.22804006,12.91902718,3.705150215,35.84008219,37.49992325,,,,,
pencya,18/11/01j35,1.8,16.69458537,12.95044829,4.249385789,42.81205953,42.87110714,,,,,
pennig,JML03/19.12.13,1.7,11.89,9.21,3.39,20.86,23.58,,1.145231214,2.012632855,12.2251586,3.933579981
pepamb,1/01/01j8,1.7,16.35289357,13.07264265,5.118575476,44.82961479,45.48800075,,,,,
pepamb,20/12/00j5,1,14.32584787,11.2164641,3.988708988,32.85593184,33.60663751,,1.461681296,3.169480081,17.7874846,31.9686317
pepamb,JML03/12.12.10,1.9,15.55,12.09,4.84,40.56,39.77,,1.75540622,3.109761351,21.17953909,7.26992333
pepamb,JML03/12.12.11,1.85,15.26,11.99,4.48,32.78,39.01,,,,,
pepamb,JML03/12.12.12,1.7,14.71,11.67,4.65,37.03,40.46,,,,,
pepamb,JML03/12.12.7,1.9,15.31,11.71,4.45,35.56,36.05,,,,,
pepamb,JML03/12.12.8,1.6,13.95,11.28,4.31,31.48,34.11,,,,,
pepamb,JML03/12.12.9,1.7,13.81,11.34,4.14,31.14,33.69,,,,,
pepamb,24/11/00j18,1.45,15.80967436,12.33386026,4.680999052,41.40108384,41.796903,,,,,
pepamb,24/11/00j7,1.49,14.73213503,11.57533246,4.156948707,41.25257821,34.79642543,,,,,
pepamb,26/11/00j20,1.5,14.4295263,11.7797152,4.141238012,37.545772,35.03236059,,,,,
pepbrach,20/11/01j24,1.7,16.54506056,12.84771746,4.366176685,45.54214958,46.15563337,,1.765837137,3.530526135,19.35211981,7.347440985
pepbrach,21/11/01j20,1.4,15.90614209,12.49570155,4.350753493,39.92495018,39.45398495,,1.681861424,3.179800222,21.29147263,7.703644773
pepbrach,21/11/01j9,1.75,16.63230342,13.01195606,5.020515008,41.96252311,47.59093259,,,,,
pepbrach,JML03/15.12.27,1.85,15.78,12.27,4.4,35.2,39.85,,1.654975292,2.375479313,19.40206618,6.334800082
pepbrach,JML03/15.12.29,1.75,14.83,11.59,4.26,34.19,34.47,,,,,
pepbrach,JML03/17.12.17,1.8,16.12,12.76,4.92,35.15,45.63,,2.086005772,2.927423234,23.28186905,6.178361697
pepbrach,JML03/17.12.22,1.7,16.58,13.2,5,37.19,44.17,,,,,
pepbrach,JML03/17.12.24,1.8,15.9,12.35,4.78,36.94,40.48,,,,,
pepbrach,17/12/01j21,1.75,16.20467749,12.57370648,4.533543761,42.88263154,45.46648459,,,,,
pepchr,23/12/00j7,1.5,15.97980762,12.72716432,4.611654345,47.75131606,43.91515832,,1.967058454,3.460041668,23.32870248,9.132452252
pepchr,4/01/01j27,1.2,17.78784674,12.93279169,4.231767703,45.12036092,39.35919614,,1.590278442,3.253277198,20.06552607,9.283152609
pepchr,14/11/01j9,1.7,15.39967374,12.7953481,4.460348366,42.23658413,40.7538268,,,,,
pepcoe,JML03/14.12.10,2.15,18.4,14.58,5.18,50.96,55.19,,2.006732956,3.244080795,29.67719792,7.824890005
pepcoe,JML03/14.12.12,2.25,19.73,15.77,5.32,61.24,62.25,,2.007067374,3.401368886,35.86593276,11.95982577
pepcoe,JML03/15.12.23,2.4,20.13,15.67,5.65,54.85,65.41,,,,,
pepcoe,JML03/17.12.12,2.25,20.88,16.82,5.44,67.03,69.95,,,,,
pepcoe,JML03/17.12.5,2.35,19.9,16.02,5.65,55.14,65.61,,,,,
pepcoe,JML03/20.12.2,2.45,19.5,16.19,5.11,56.18,61.3,,,,,
peplep,20/11/01j42,1.8,18.7219668,14.88032148,4.938054961,56.79243755,53.77371878,,2.153302825,3.884301632,27.13759081,8.975852868
peplep,21/11/00j3,1.41,15.71665391,12.4772592,4.276120037,38.44092206,37.04428581,,,,,
peplep,21/11/01j15,1.6,16.67712056,13.38297717,4.560425935,46.63295426,44.45115373,,,,,
peplep,22/11/01j40,1.9,21.34755583,16.62861638,5.700636943,69.66476775,71.27615634,,,,,
peplep,31/12/00j7,1.3,19.93167375,16.48525969,5.027951646,64.17698926,63.85280541,,,,,
peplep,JML03/13.12.10,1.85,15.54,12.11,4.39,30.53,36.84,,,,,
peplep,JML03/13.12.11,2,16.52,13.25,5.13,46.31,45.19,,,,,
peplep,JML03/13.12.13,1.95,16.63,13.16,4.21,40.82,40.65,,1.89249303,3.226819376,22.31315098,7.905610905
peplep,JML03/14.12.16,1.9,15.73,12.52,4.62,38.72,42.89,,,,,
peplep,JML03/14.12.19,2.05,16.45,12.92,4.63,38.88,43.78,,,,,
peplep,JML03/17.12.23,1.85,15.03,12,4.45,35.48,37.27,,,,,
peplep,18/11/01j42,1.6,17.01650424,13.55338982,4.798961751,46.0510811,51.34180009,,,,,
peplep,24/11/00j3,1.2,17.51707317,14.18536585,4.679674797,50.36023531,45.03271862,,,,,
peplep,26/11/00j28,1.4,16.50326087,13.19728261,4.945652174,45.59900756,46.47034499,,,,,
peplep,26/11/00j6,1.49,17.18421053,14.25175439,4.888596491,50.0307787,47.59156664,,,,,
peplep,JML03/11.12.13,2.05,17.26,13.6,4.95,37.23,46.15,,,,,
peplep,JML03/11.12.15,1.9,15.37,12.16,4.37,34.82,37.48,,,,,
peplep,JML03/11.12.17,1.95,15.83,12.53,4.78,37.75,39.47,,,,,
pepmol,21/12/00j16,1.3,14.95597946,11.65994131,3.944424065,32.59117522,35.82085555,,,,,
pepmol,21/12/00j19,1.1,12.99565576,11.01041121,3.74953187,27.69717885,28.3998468,,1.419723145,3.102496176,15.08157665,5.45180967
pepmol,21/12/00j25,1.45,13.62679172,11.06175898,3.909042647,32.66131708,27.27517467,,,,,
pepmol,21/12/00j9,1.2,14.38417358,11.7070836,4.148053606,32.88550672,32.71581886,,,,,
pepmol,22/12/00j24,1.5,13.25237475,10.77278648,3.846141627,31.89059471,29.44686614,,,,,
pepmol,JML03/16.12.10,1.45,13.89,11.17,3.94,29.18,32.95,,,,,
pepmol,JML03/16.12.12,1.7,13.25,10.49,3.83,22.28,29.15,,,,,
pepmol,JML03/16.12.4,1.5,13.54,10.5,4.13,28.49,30.12,,,,,
pepmol,JML03/16.12.6,1.55,18.71,14.9,5.49,50.6,59.33,,,,,
pepmol,JML03/16.12.8,1.7,13.55,10.61,4.24,26.78,30.75,,,,,
pepmol,14/12/01j20,1.35,13.73994577,11.16617677,3.750427234,30.80160011,32.83177165,,,,,
pepmol,14/12/01j26,1.4,14.51307376,11.58764227,4.260103664,36.4293059,36.28047354,,,,,
pepmol,26/11/00j17,1.5,16.49741935,13.63870968,4.125806452,40.55775234,37.54006243,,,,,
pepmol,26/11/00j18,1.6,15.70253801,12.93616518,4.677276223,41.45441738,41.6749196,,,,,
pepnag,21/11/00j19,1.45,16.28869026,12.50387826,3.995346088,37.18409975,42.63156491,,1.614972282,3.024579649,18.7231881,6.772939899
pepnag,21/11/00j20,1.5,16.5926862,12.55509044,4.473185372,42.38902657,43.17192912,,1.678255612,3.347063714,21.17710232,7.915886315
pepnag,21/11/00j21,1.49,17.49350244,13.6874935,4.367397858,43.81240688,45.67136068,,,,,
pepnag,22/11/00j9,1.8,17.10577778,13.10311111,5.469555556,55.7708642,53.02518519,,,,,
pepnag,JML03/14.12.11,2.05,17.35,14.36,5.49,53.98,54.45,,,,,
pepnag,JML03/14.12.13,2.2,17.59,13.91,5.5,45.68,49.44,,,,,
pepnag,JML03/14.12.15,2.15,17.95,14.22,5.49,52.17,55.97,,,,,
pepnag,JML03/14.12.17,2.85,17.52,13.95,5.47,46.44,52.3,,,,,
pepnag,JML03/14.12.9,2.05,17.49,13.74,5.54,47.27,54.2,,,,,
pepnag,24/11/00j12,1.75,16.37003014,13.36347543,5.662169274,53.23430039,49.46585993,,,,,
pepnag,24/11/00j21,1.9,16.31896039,12.5955044,5.847787324,44.32218665,46.79000466,,,,,
pepnag,24/11/00j22,2,17.50145372,13.53280118,5.612412116,53.52967822,50.28602689,,,,,
pepnag,29/11/00j23,1,15.37983508,12.19615185,4.267219057,39.43121745,36.70334145,,,,,
pepnag,29/11/00j24,1.38,15.20429491,12.29621737,3.811729027,32.94879076,34.12613311,,,,,
pepobt,19/12/01j30,3.1,31.49333333,25.92948718,7.107435897,132.1005917,150.9007232,,3.060696517,5.377860697,79.93180862,19.53478874
pepobt,19/12/01j6,2.75,27.19921318,21.95689767,6.273831654,98.0593788,104.1444019,,2.530541391,4.98448519,54.4229769,16.72782022
pepobt,JML03/19.12.11,2.9,28.81,23.27,6.64,110.77,115.29,0.204,,,,
pepobt,JML03/30.12.10,3.35,29.22,23.06,7.21,108.99,124.37,0.264,,,,
pepobt,JML03/30.12.12,3.35,29.4,25.08,7.59,123.69,148.39,0.292,,,,
pepobt,JML03/30.12.18,3.5,29.39,24.24,7.46,127.87,133.95,0.283,,,,
pepobt,JML03/30.12.2,3.35,29.69,24.25,7.58,121.96,136.84,0.28,,,,
pepobt,JML03/30.12.20,3.7,32.82,25.36,7.82,147.21,154,0.365,,,,
pepobt,JML03/30.12.22,3.55,33.2,26.05,8.72,153.39,153.84,0.344,,,,
pepobt,JML03/30.12.4,3.35,31.56,24.43,8,144.88,143.22,0.288,,,,
pepobt,24/11/00j36,2.5,25.49751451,20.72787359,6.387569774,96.39469786,93.52653336,,,,,
pepobt,24/12/01j12,3.1,29.44926007,24.18909073,6.95660913,131.8454742,135.7012437,,,,,
pepobt,26/11/00j4,1.4,17.72033108,14.01667055,4.663674516,49.01668727,49.76415183,,,,,
pepobt,29/11/00j25,2.25,26.38322643,20.7037688,5.804551784,91.32159313,92.74104306,,,,,
pepobt,29/11/00j26,2.85,26.31680895,21.71915728,5.868665854,96.77459077,92.39295371,,,,,
pepobt,29/11/00j30,2.5,25.38704302,21.00812967,5.907897394,87.11853135,84.32848949,,,,,
pepwar,JML03/16.12.1,1.95,17.08,13.62,5.18,49.73,50.92,,2.21351496,3.645828689,29.51503626,8.470927119
pepwar,JML03/16.12.11,2,17.36,13.68,5.03,44.56,48.04,,1.950264046,3.122673362,27.03988195,7.729494882
pepwar,JML03/16.12.3,2.05,16.99,13.64,4.82,43.37,46.74,,,,,
pepwar,JML03/16.12.5,2.2,13.4,10.71,4.03,27.72,30.35,,,,,
pepwar,JML03/16.12.7,2.05,16.81,13.29,4.67,39.68,43.45,,,,,
pepwar,JML03/16.12.9,1.9,16.58,13.05,4.79,42.97,44.27,,,,,
pepwar,JML03/17.12.20,1.9,16.73,13.63,4.81,49.92,45.15,,,,,
pepwar,JML03/17.12.25,2.35,18.1,14.83,5.52,53.46,57.74,,,,,
pesdie,05LARV0073,1.6,12.68101266,10.14683544,4.816455696,31.8378465,32.59093094,0.02,1.650632911,3.293670886,17.78561128,6.986059926
pesdie,05LARV0074,1.6,11.7888598,9.884551297,4.172815996,29.22361068,28.62865593,0.02,1.547250655,2.62080457,17.19702538,4.235511194
pesdie,05LARV0102,1.5,12.0525641,9.220512821,4.871794872,25.80539119,34.0729783,0.01,1.8,2.692307692,15.07232084,5.341880342
pesdie,05LARV0103,1.6,12.2490887,9.743620899,4.744835966,29.01101237,31.87520393,0.02,1.718104496,2.456865128,5.610272113,16.47648336
pesdie,05LARV0104,1.6,7.95515364,5.356648519,3.50650549,16.50196364,19.70358301,0.02,1.663744579,2.414874965,9.724067328,4.512920914
pesdie,05LARV0131,,,,,,,,,,,
pesdie,05LARV0132,,,,,,,,,,,
pesdie,05LARV0133,,,,,,,,,,,
pesdie,05LARV0191,,,,,,,,,,,
pesdie,05LARV0192,,,,,,,,,,,
pesdie,05LARV0193,,,,,,,,,,,
pesdie,05LARV0194,,,,,,,,,,,
pesdie,05LARV0213,,,,,,,,,,,
pesdie,05LARV0214,,,,,,,,,,,
pesdie,05LARV0215,,,,,,,,,,,
pesdie,tci03nov15b,1.6,13.63276679,10.49707439,4.607411535,25.59444313,35.57509591,0.04,1.319235194,3.215361858,17.79261114,4.421139712
pesdie,tci03nov22o,1.9,16.576886,13.35562786,6.450952037,47.29380121,56.51220757,0.06,2.295978363,4.332079022,24.67573225,10.24986637
pesdie,tci03oct25o,2.2,16.93829328,12.90912773,6.19700243,51.80602192,54.37216571,0.09,,,,
pesdie,tci03oct25p,2.3,15.38242033,12.55988336,5.908769006,44.16909429,49.370052,0.08,,,,
pesdie,tci03oct25u,1.9,15.04208983,11.38434801,5.08770977,35.79533749,41.04842715,0.12,,,,
pesdie,tci03oct25w,2,16.12222716,12.54631688,5.926090608,41.13516949,47.78640884,0.07,,,,
pesdie,05LARV0032,1.5,12.34927724,9.056293336,4.479962393,28.79711707,27.81649582,0.02,1.414972382,2.352802915,14.62644939,5.524626777
pesdie,05LARV0033,1.6,12.14131218,8.768324922,4.333093006,24.93658138,28.83517835,0.02,1.441961067,2.405671714,15.19008895,6.179998164
pesdie,05LARV0034,1.5,11.48408586,8.499876635,4.687885517,25.82668369,30.97071379,0.02,1.4803849,2.714038983,15.35599519,5.341877415
pesdie,05LARV0049,1.9,13.56776356,11.06246152,4.835465554,,35.2060122,0.02,1.410686187,2.713279059,20.34104348,
pesdie,05LARV0050,1.6,13.16680544,9.790452401,4.92645018,29.93176732,32.57011515,0.02,1.532750486,2.865667499,17.08667238,6.244410843
pesdie,05LARV0051,1.7,12.01024496,9.382018782,4.29434557,25.30820885,28.91812207,0.02,1.468444211,2.098246536,12.95600876,5.757746901
pesdie,05LARV0068,1.7,12.78364999,10.50508429,4.628043885,27.98927818,33.99976756,0.03,1.672464544,2.408348943,17.74504125,5.021421509
pesdie,05LARV0016,1.7,12.91512915,8.826568266,4.183271833,33.69295686,28.77593352,0.02,1.59901599,2.923739237,14.81158723,8.532926658
pesdie,05LARV0019,1.8,13.00803261,9.595971706,4.363985134,32.84354009,31.08996814,0.02,1.558566119,2.704711665,13.55424871,8.221665177
pesdor,05LARV0321,2.1,14.97375656,11.78705324,5.628592852,38.0122415,46.992126,0.03,1.874531367,2.749312672,24.09732483,8.714392259
pesleu,05LARV0158,1.8,14.2097561,11.64634146,5.145121951,39.48542534,44.40809042,0.03,1.954878049,2.563414634,18.23319453,6.960142772
pesleu,05LARV0159,,,,,,,,,,,
pesleu,tci03nov21o,1.4,14.38591612,11.75881633,5.22972522,36.95447549,43.12077402,0.06,1.64399093,3.418367347,21.30992231,7.137586705
pesleu,tci03oct27a,1.3,13.70932322,10.85712384,4.925134757,31.06141161,35.41461487,0.04,1.426626029,2.723558783,14.13329546,5.59276494
pesleu,tci03oct30a,1.6,13.20603015,10.54120603,3.973869347,25.13067852,29.24168582,0.02,,,,
pesleu,tci03oct30b,,11.91441694,9.521675815,4.328441806,22.98869931,29.01821351,0.09,,,,
pesleu,tci03oct30d,1.6,14.39779694,11.37794866,5.241608646,29.61055031,44.54541213,0.04,,,,
pesleu,tci03oct30e,1.7,11.2693889,8.971220333,4.39263689,19.22811564,25.54071757,0.06,,,,
pesleu,tci03oct30f,1.7,13.89623706,10.91305239,5.035886394,28.81592646,37.8439005,0.04,,,,
pesleu,tci03oct30g,1.3,13.50917163,10.19745297,4.65942283,26.52325055,33.75469264,0.05,,,,
pespar,05LARV0115,2.1,16.62897274,13.27699083,5.599333413,48.99627003,54.32379969,0.06,1.785501726,3.73765028,30.09487494,9.053966614
pespar,05LARV0116,2.1,16.31071429,12.48452381,5.833333333,48.69614512,58.09240363,0.06,1.908333333,3.222619048,25.48185941,8.914399093
pespar,05LARV0137,2.1,16.00172712,12.83000247,5.540340489,50.60325472,54.49932485,0.05,1.732050333,3.291389094,29.12921189,9.100976337
pespar,05LARV0138,2.2,16.8738574,13.3308958,6.380255941,51.21652238,59.35650331,0.06,1.953686776,4.068251066,29.00982257,12.15055548
pespar,05LARV0139,2.6,16.18876512,12.96322913,6.015091628,46.53845094,54.57221559,0.06,1.824170559,2.914121452,25.59327881,8.679335024
pespar,05LARV0164,2.6,18.09897481,14.55511961,6.456144792,63.53142349,67.68034903,0.07,2.025060119,4.303252753,34.96951525,13.56810784
pespar,05LARV0165,2.3,16.75783133,13.16385542,6.386746988,57.27972129,57.16359414,0.07,2.172289157,4.103614458,28.52373349,9.275656844
pespar,05LARV0166,2.5,16.76051188,13.06032907,5.506398537,50.60750921,56.95015858,0.06,1.74527727,3.227300427,32.8867113,10.35322393
pespar,05LARV0167,2.2,17.32378719,13.20330823,5.699296383,50.46764782,58.58940395,0.06,1.867670658,3.613134181,28.73852168,10.54456893
pespar,05LARV0168,2.5,16.67037037,12.81111111,5.927160494,54.70202713,58.13138241,0.06,1.855555556,3.834567901,37.37235178,10.54717269
pespar,05LARV0169,1.9,16.03010116,11.82827535,5.759930915,44.59174025,52.73391807,0.05,1.854182087,3.456698742,23.90908666,11.06423043
pespar,05LARV0170,2.5,17.11153939,13.37509034,6.147916165,59.12377492,60.45859389,0.07,1.930860034,4.457961937,34.50216853,11.28792562
pespar,05LARV0171,2,16.00962117,12.86229705,5.894167168,46.05200593,53.34164506,0.04,1.683704149,4.096211666,25.42695554,9.979863095
pespar,05LARV0172,2.2,16.87906529,13.98578656,6.264755481,52.68182251,58.54341885,0.06,1.806793544,4.095398699,28.06021612,9.517839594
pespar,05LARV0173,,,,,,,,,,,
pespar,05LARV0174,,,,,,,,,,,
pespar,05LARV0175,,,,,,,,,,,
pespar,05LARV0176,,,,,,,,,,,
pespar,05LARV0177,,,,,,,,,,,
pespar,05LARV0178,,,,,,,,,,,
pespar,05LARV0179,2.4,17.12257746,13.2884829,6.048635971,55.03899273,61.62172941,0.07,1.978768053,4.090852981,30.78038907,11.15408158
pespar,05LARV0180,2.4,17.78148148,13.81358025,6.420987654,62.15515927,62.85627191,0.08,1.855555556,4.459259259,35.69577808,12.65051059
pespar,05LARV0181,2.6,17.71639951,13.972873,6.659679408,67.44501088,66.88246232,0.08,2.099876695,4.848335388,32.91669264,13.19708509
pespar,05LARV0182,,,,,,,,,,,
pespar,05LARV0183,,,,,,,,,,,
pespar,05LARV0184,,,,,,,,,,,
pespar,05LARV0185,,,,,,,,,,,
pespar,05LARV0186,,,,,,,,,,,
pespar,05LARV0187,,,,,,,,,,,
pespar,05LARV0236,,,,,,,,,,,
pespar,05LARV0237,,,,,,,,,,,
pespar,tci03nov15c,2,16.52636387,12.02231793,6.187026886,52.39221232,53.86139164,0.14,1.645692159,3.983220394,27.22671992,8.013493824
pespar,tci03nov21n,1.7,17.17302084,13.72664435,6.789070094,55.45667753,58.15996091,0.11,2.14985686,4.180246642,27.64518301,12.09647247
pespar,tci03oct25l,1.9,16.08764455,13.72124163,6.587340231,46.38353975,61.31992121,0.09,,,,
pespar,tci03oct25m,2,17.89787234,13.46382979,6.519148936,56.23459585,61.53614003,0.13,,,,
pespar,tci03oct25n,2,17.22656487,13.7714355,6.25159062,61.7149299,59.86069147,0.07,,,,
pespar,tci03oct25r,2,17.88671921,13.75485237,6.604517116,61.93698283,64.46234015,0.15,,,,
pespar,tci03oct25s,2.3,17.88377316,13.85794497,6.537338574,59.11800303,58.89731936,0.1,,,,
pespar,tci03oct25t,2.2,16.17628622,13.81214138,6.310333189,48.29273285,59.87592071,0.1,,,,
pespar,tci03oct26a,1.8,17.93100862,13.88751406,6.452943382,56.14033904,63.59160111,0.15,,,,
pespar,tci03oct26b,1.9,17.52200536,13.83786197,6.761066463,49.44269985,59.26370516,0.1,,,,
pespar,tci03oct26c,2,16.68153153,12.83288288,5.488738739,41.97508319,48.07645483,0.07,,,,
pespar,tci03oct30c,1.8,17.5321322,13.4869176,6.441358733,61.70835974,62.98249596,0.12,,,,
pespar,05LARV0023,2.5,17.41485686,13.21816387,6.421520237,57.11473939,64.01236054,0.06,2.101431392,3.210760118,35.31033875,10.09519387
pespar,05LARV0024,2.5,16.58886894,12.64153202,6.561340515,60.62513945,56.57104813,0.06,2.184320766,3.427887493,33.85094625,11.0448919
pespar,05LARV0025,2.4,17.87137792,12.96735542,6.734319599,61.34892198,72.14178788,0.07,2.204425969,3.545665729,33.96314589,13.76763088
pespar,05LARV0002,,,,,,,,,,,
pespla,tci03oct25q,2,14.0144385,10.67219251,5.307486631,30.06949012,39.63796505,0.03,1.950273224,3.183060109,17.88049807,8.116097823
pespla,tci03oct25v,1.7,12.79028034,10.25511689,4.899602289,24.66467312,33.12852567,0.06,,,,
pespla,tci03oct26d,1.8,14.52468468,10.81081081,5.32036036,31.31693856,43.39388037,0.05,1.657931034,3.215172414,17.73602854,5.041617122
pespla,tci03oct26e,1.6,13.55765733,10.65720868,5.180065478,32.04534003,38.12505928,0.06,,,,
psLIa,16/12/01j27,1.7,17.64254721,14.99670273,3.704124933,54.35749532,47.50238561,,2.293925858,3.972681441,30.49307975,10.75904762
psLIa,16/12/01j34,1.85,17.49101,14.41940142,4.106520939,57.0889465,44.89571635,,2.399135248,3.842637217,26.02885368,10.46046112
psLIb,17/12/01j16,1.7,17.67858147,14.38888576,3.502306091,49.83266926,40.85132855,,2.215707202,3.801829309,22.9731908,9.782028048
psLIb,17/12/01j18,1.8,18.27316167,15.00191723,3.672536354,48.32595441,43.74339955,,2.273797413,4.102601366,28.28430866,10.4251145
psLIb,17/12/01j24,1.85,18.19837465,14.82167914,3.602373714,52.94793569,44.00342713,,,,,
psLIb,17/12/01j25,1.5,17.87256902,14.48442812,3.387324901,53.45831842,44.20288315,,,,,
psLIb,17/12/01j4,1.8,18.93019144,15.15223976,3.565062389,57.33548889,47.09504353,,,,,
psLIb,17/12/01j42,1.6,16.39486939,13.1665103,3.289714088,39.64019395,34.93268756,,,,,
psLIb,17/12/01j5,1.5,16.96570776,13.59030894,3.2766984,43.01381203,38.62521055,,,,,
psLIc,16/12/01j29,1.5,16.41284404,13.42621232,3.147706422,44.04150685,34.49565332,,2.330119161,3.461811082,22.11553679,9.363796402
psLIc,16/12/01j9,1.9,17.20622338,14.12713806,3.163413023,50.80845203,36.15156,,2.073258224,3.401179784,22.07819923,9.139720319
psLIc,17/12/01j32,1.6,19.20441552,14.27901921,3.41426575,50.97532876,41.57839832,,,,,
psLIc,17/12/01j38,1.6,16.85474116,13.9607969,3.336090059,47.37136907,40.09663968,,,,,
psLIc,28/11/00j21,1.75,15.86979491,12.93923221,3.092844951,43.11439731,34.90842247,,,,,
scscar,05LARV0094,2.2,9.631931749,7.304082876,3.780621572,13.6062455,20.26082846,0.01,1.096892139,1.964655698,7.798339399,3.030211881
seemys,05LARV0226,1.4,13.48150825,11.91543188,3.021322732,25.29510925,26.29646469,0,0.877002771,0.917961691,14.7300837,1.393190182
seemys,05LARV0294,1.9,10.98646507,8.657480795,4.639678088,23.26916066,27.53641248,0.01,1.22546031,2.076576027,12.19214808,4.772779917
seemys,05LARV0295,1.8,10.12379479,7.858588263,4.405427925,19.82237761,25.16407622,0.01,1.071301036,2.023568623,11.32100051,3.768943849
seemys,05LARV0014,1.8,11.12926829,8.364634146,4.975609756,33.00118977,33.22427127,0.01,1.219512195,2.537804878,22.12968471,5.681142177
seemys,05LARV0015,1.4,8.368529021,7.108724508,4.276577772,23.35660339,23.76432465,0.01,0.878484373,1.728007723,13.84796124,2.577380798
sepleo,JML03/14.12.5,2.9,21.32,17.75,6.25,75.43,74.9,0.121,2.298703315,4.038357015,38.2623728,13.63093368
sepleo,JML03/17.12.2,2.7,23.41,18.95,6.78,78.68,86.48,0.166,2.457625835,4.413729381,42.87934874,16.14313755
sepleo,JML03/17.12.4,2.65,22.58,18.12,6.27,70.18,81.54,0.119,,,,
sepleo,JML03/17.12.6,2.7,21.66,17.28,6.35,68.53,74.45,0.115,,,,
sepleo,JML03/19.12.1,2.8,20.66,16.98,6.48,77.4,72.58,0.126,,,,
sepleo,JML03/19.12.10,2.55,20.87,17.41,5.86,68.28,71.22,0.112,,,,
sepleo,JML03/19.12.12,2.6,23.06,18.06,6.77,74.15,85.66,0.126,,,,
sepleo,JML03/19.12.14,2.4,21.09,16.75,5.96,67.02,69.59,0.108,,,,
sepleo,JML03/19.12.4,2.7,21.89,17.65,6.3,72.16,75.16,0.119,,,,
sepleo,JML03/19.12.7,3,22.16,17.7,6.32,72.84,78.89,0.123,,,,
sepleo,10/12/01j28,2.5,23.40421685,19.90576484,6.199407923,80.74147495,91.86012719,,,,,
siLI6,16/12/01j15,3,31.26996962,27.20523375,8.085122023,183.1480891,161.6713933,,1.488292659,6.483837434,89.10866562,21.16310898
siLI6,17/12/01j19,3.1,31.08382685,27.0210868,7.955497188,162.4614963,154.677928,,1.641627699,5.730275594,98.65985335,22.36751952
siLI6,17/12/01j3,2.6,31.3949263,25.64910315,8.625565225,155.5602634,161.1522454,,,,,
siLI6,24/11/00j15,2.8,29.32224572,25.39800038,8.075370121,168.2969506,150.9774291,,,,,
siLI6,24/11/00j17,2.2,23.69409389,19.17718324,6.992428067,90.35865966,89.74709513,,,,,
siLI6,24/11/00j29,2.7,30.40235446,24.1960974,6.935978068,133.6717569,116.6442116,,,,,
spJEFFb,6/12/01j31,1.1,19.13697864,16.85365171,2.213928609,26.83920259,25.32172058,,1.073784722,2.640451389,14.70480083,4.551263503
spJEFFb,JML03/19.12.15,2.75,26.78,23.63,2.5,44.02,48.96,,1.510474257,2.398097517,34.71394052,4.996663582
sprat,21/12/00j15,2,33.31531653,28.78251469,4.276062428,94.18467878,103.7113315,,2.137931034,4.311034483,75.27705113,15.91438763
sprat,22/12/00j40,2.8,38.2524924,32.95305098,5.108534257,146.2221251,145.6159492,,2.733102071,4.000140159,103.3427048,18.70285639
sprat,23/11/01j3,2.9,37.88263544,34.86135324,5.343245288,132.4986409,135.8614736,,,,,
sprat,23/11/01j35,3.6,44.86392775,37.86799984,6.50122969,197.4239424,188.2495232,,,,,
sprat,6/12/01j39,2.3,30.21106644,26.20292002,3.740478206,66.93157771,72.07413353,,,,,
sprat,9/12/00j30,1.65,27.27360794,23.62614794,3.500988104,61.99688073,67.55993336,,,,,
sprat,JML03/12.12.1,1.7,23.13,20.26,2.42,41.53,41.69,,,,,
sprat,JML03/12.12.2,2.15,27.56,24.09,4.08,87.66,80.85,,,,,
sprat,JML03/12.12.3,1.95,29.08,26.3,3.59,68.56,71.16,,,,,
sprat,JML03/12.12.4,2,24.29,21.02,3.55,54.04,56.9,,,,,
sprat,JML03/12.12.5,1.8,26.86,22.78,2.87,56.52,59.98,,,,,
sprat,JML03/12.12.6,1.75,25.29,21.2,2.69,44.94,47.58,,,,,
sprat,26/12/00j23,3.7,49.23934544,41.24258227,7.392555296,261.4736605,272.1932398,,,,,
sprat,JML03/11.12.14,1.85,26.14,22.43,3.04,53.06,59.16,,,,,
sprat,JML03/11.12.16,1.45,22.11,19.45,2.36,41.58,43.28,,,,,
sprat,JML03/11.12.18,1.8,26.62,22.7,2.74,54.77,55.86,,,,,
spsbar,05LARV0100,1.3,17.46589156,15.4348084,2.491398742,21.0702502,28.17811683,0.01,1.310950291,1.783129671,14.91948244,3.77209556
spsbar,05LARV0147,1.1,17.45640409,15.78592904,2.335538184,18.38319709,27.52417314,0.01,1.301262778,1.468430547,13.91395405,2.690223965
spsbar,05LARV0148,1.2,15.66334494,,,,,0.01,,,,
spsbar,05LARV0249,1.3,17.22937989,15.05839856,2.050571945,19.02192923,21.47216249,0.01,0.970499699,1.930162553,12.65712211,3.987065958
spsbar,05LARV0301,1.1,19.25189736,16.91242019,1.931092639,23.6842331,25.30962164,0,0.993856162,2.421395013,15.3686292,4.818116047
spsbar,05LARV0035,1.8,22.67372824,19.57023344,2.841047092,30.53370013,41.26237204,0.03,1.48562947,1.686681959,25.34005793,5.102605522
spsbar,05LARV0052,,,,,,,,,,,
spsbar,05LARV0053,1.5,19.94058622,18.15685239,2.442566675,23.0365037,31.15549847,0.01,1.130182202,2.311196198,16.99192734,3.48641751
spsbar,05LARV0069,1.4,18.4328409,16.11818367,2.764653823,29.02208446,31.70553813,0.02,1.436449044,1.614133025,17.93140287,4.680981364
spsbar,05LARV0070,1.1,18.83682809,16.37319855,2.390547094,25.18206838,31.85312392,0,1.066867017,1.934294106,17.28409844,4.44115026
spsbar,05LARV0071,,,,,,,,,,,
sycel,05LARV0250,1.2,43.8097475,40.7469172,1.174398121,41.79009168,52.03762901,0.02,0.751614797,0.846741045,40.56259394,2.027440091
sycel,05LARV0251,1.2,42.68087698,40.58587089,1.811205847,39.59699781,49.98212275,0.04,0.981729598,2.326431181,43.46916582,3.516106587
sycel,05LARV0252,,,,,,,,,,,
syHunkown,05LARV0292,1,23.29208269,21.60455632,1.97440585,26.91514773,29.30804478,0,0.984390381,2.535508367,23.21703412,3.955201724
syHunkown,05LARV0327,1.1,24.31285714,22.17,1.738571429,27.40816327,33.67346939,0,0.714285714,0.714285714,21.14285714,3.387755102
syHunkown,05LARV0328,1.1,24.09227253,22.1496929,1.999714327,26.17619402,27.91039238,0.01,0.57134695,1.856877589,19.7902636,3.121557042
syHunkown,05LARV0329,1.1,24.35937723,22.4167976,1.276960434,22.83021131,27.99200171,0.01,0.605627767,0.714183688,18.64773292,3.121557042
tecben,1/01/01j9,5.95,35.57321429,28.86035714,11.49285714,174.6033163,228.9923469,,,,,
tecben,11/12/01j38,5.9,33.62984615,26.70184615,11.65815385,155.8655621,209.7742012,,3.811309524,8.336607143,68.45769558,47.50478316
tecben,14/11/01j5,5.2,32.32111318,25.50383192,9.903088572,106.6998831,178.7055803,,3.238476954,6.392785571,65.95349098,37.67385835
tecben,16/12/00j27,4.3,28.82653962,22.76689606,9.590612317,83.15630658,150.1276661,,,,,
tecben,24/11/00j30,5.5,34.19359159,26.61633241,10.86583855,167.7608489,212.6726285,,,,,
tecben,29/11/00j29,5,31.07361614,24.08091554,9.570273136,130.7566527,162.5842154,,,,,
tecros,05LARV0090,3.5,17.41303819,12.51033812,6.690586232,34.86620165,62.6615317,0.1,2.507905619,4.655801508,25.99063059,16.47897694
tecros,05LARV0091,,,,,,,,,,,
tecros,05LARV0289,3.6,17.95135135,14.08108108,6.309459459,30.02191381,57.90723156,0.12,1.644594595,2.394594595,20.56245435,9.824689554
tecros,05LARV0290,4.2,19.40605051,14.81126839,6.457119067,29.09885824,65.49650355,0.14,1.623646961,2.02053844,19.66243168,10.38006922
tecros,05LARV0300,3.8,18.67221892,14.49494349,6.096371208,38.58783528,62.46812805,0.12,1.47174301,2.154669839,17.02904103,9.342616024
teHunknown,05LARV0163,1.5,6.87625,5.75125,2.37875,5.734375,8.953125,0,0.625,0.625,2.734375,1.484375
teHunknown,05LARV0246,3.7,13.97320341,10.26309379,5.116930572,15.53317973,37.04522425,0.07,0.87819732,1.088915956,10.77085815,2.952342662
teHunknown,05LARV0314,2.3,8.816609811,7.501470415,2.716151041,6.351446631,13.96211253,0.01,0.831666863,0.896365134,3.196479677,2.089473728
teHunknown,05LARV0315,3.1,11.70357143,9.296428571,3.721428571,14.42743764,23.83786848,0.03,0.866666667,1.071428571,5.810657596,3.217120181
teHunknown,05LARV0316,2.7,9.931403325,7.435181956,3.29031508,9.773281365,18.8841965,0.02,0.937100337,1.039414022,5.569283434,2.284487622
testes,05LARV0092,4.9,29.12069381,23.93519634,8.220910624,71.87709962,139.4450554,0.37,2.288605155,3.495543243,49.17066827,18.06358277
testes,05LARV0118,3.4,16.90532033,13.63658808,5.726453524,33.84319016,56.80657943,0.09,1.486236267,3.711887421,17.98062332,9.950294091
testes,05LARV0119,3.6,20.95220678,15.80712021,6.756888564,49.70805141,76.27153463,0.16,2.104364789,3.300414533,31.92969331,14.68646974
testes,05LARV0120,3.6,18.09001233,14.1270037,5.676942047,41.20288086,59.28045478,0.12,1.378545006,3.871763255,20.90552073,13.01463691
trLIa,26/12/00j11,2.1,21.29280925,18.37796603,6.946240013,79.62974334,91.06345191,,2.8812,5.3748,39.968,18.96
trLIa,26/12/00j12,1.9,19.73699567,16.64221407,6.147882628,68.27293826,74.86761176,,2.104573606,4.572018421,32.67787679,11.67179614
trLIa,26/12/00j15,2.8,25.94335821,21.8138806,8.296567164,126.3777567,128.4489864,,,,,
trLIa,26/12/00j28,1.5,15.57654537,12.85755098,4.499517909,44.88578926,42.28940689,,,,,
trLIa,26/12/00j6,1.4,15.96060758,13.13336672,4.236020698,41.81089416,41.84209882,,,,,
trLIa,26/12/00j8,1.5,16.91742477,14.09097271,4.876137159,47.42803891,50.57195228,,,,,
