species_id,batch_id,sample_id,age,tl,bd,ba,pfa
pepamb,1,reared-1-1-1,1,3.151948718,0.472820513,0.63860618,0.908639053
pepamb,1,reared-1-1-1,1,3.239487179,0.479692308,0.693070348,1.020986193
pepamb,1,reared-1-1-1,1,3.180205128,0.50374359,0.708323471,1.117186062
pepamb,1,reared-1-1-1,1,2.97774359,0.410564103,0.568809993,0.759289941
pepamb,1,reared-1-1-1,1,2.102564103,0.498410256,0.476817883,0.632583826
pepamb,1,reared-1-1-1,1,3.275384615,0.466717949,0.690913872,1.032557528
pepamb,1,reared-1-1-1,1,3.082615385,0.466717949,0.676554898,0.916712689
pepamb,1,reared-1-1-1,1,2.804410256,0.479128205,0.57251808,0.858145957
pepamb,1,reared-1-1-1,1,3.061948718,0.479384615,0.626798159,0.906561473
pepamb,1,reared-1-1-1,1,2.944974359,0.415487179,0.556949375,0.813359632
pepamb,1,reared-1-1-1,1,3.223179487,0.50574359,0.665693623,0.949717291
pepamb,1,reared-1-1-1,1,2.122512821,0.476717949,0.467376726,0.42974359
pepamb,1,reared-1-1-3,3,3.067357513,0.556506292,0.775945225,0.983387583
pepamb,1,reared-1-1-3,3,2.370866025,0.391413768,0.497216471,0.248222525
pepamb,1,reared-1-1-3,3,2.863123612,0.490066617,0.655989121,0.645504796
pepamb,1,reared-1-1-3,3,3.311561806,0.648527017,0.835204451,0.923953033
pepamb,1,reared-1-1-3,3,2.411073279,0.463597335,0.53817196,0.567801574
pepamb,1,reared-1-1-3,3,2.355766099,0.519082161,0.572745687,0.611176522
pepamb,1,reared-1-1-3,3,3.122842339,0.507535159,0.686951191,0.838956367
pepamb,1,reared-1-1-3,3,3.071739452,0.535011103,0.691930368,0.876370329
pepamb,1,reared-1-1-3,3,2.774241303,0.491547002,0.831382407,0.940713927
pepamb,1,reared-1-1-3,3,2.162783124,0.465255366,0.480245189,0.47880754
pepamb,1,reared-1-1-3,3,3.281006662,0.566099186,0.757571358,1.007687373
pepamb,1,reared-1-1-3,3,2.702827535,0.521628423,0.660652717,0.339180178
pepamb,1,reared-1-1-3,3,2.775366395,0.588660252,0.714967831,0.839271949
pepamb,1,reared-1-1-3,3,2.733678756,0.525891932,0.659705972,0.599149354
pepamb,1,reared-1-1-3,3,2.75215396,0.5211547,0.597816898,0.597325993
pepamb,1,reared-1-1-6,6,3.475583306,0.733026618,1.057555042,1.227104243
pepamb,1,reared-1-1-6,6,2.965626027,0.710614525,1.010772422,0.94312553
pepamb,1,reared-1-1-6,6,3.01695695,0.683930332,0.933017374,1.053062528
pepamb,1,reared-1-1-6,6,3.12849162,0.566611896,0.792971894,0.673315515
pepamb,1,reared-1-1-6,6,2.899769964,0.714229379,0.882476593,0.845758932
pepamb,1,reared-1-1-6,6,3.712849162,0.762668419,1.193842362,1.345032732
pepamb,1,reared-1-1-6,6,3.239829116,0.683798883,0.997554064,0.796427674
pepamb,1,reared-1-1-6,6,3.480315478,0.779559645,1.20783827,1.188701889
pepamb,1,reared-1-1-6,6,3.461189616,0.928228722,1.394666371,1.496698272
pepamb,1,reared-1-1-6,6,3.770029576,1.047518896,1.843183404,1.548016604
pepamb,1,reared-1-1-6,6,3.239697667,0.634702596,0.968655104,1.068483946
pepamb,1,reared-1-1-9,9,4.725474511,1.201464136,3.101168739,9.080402582
pepamb,1,reared-1-1-9,9,5.01064165,1.347780767,4.229661338,2.680346205
pepamb,1,reared-1-1-9,9,6.128523986,1.57186144,5.954977316,3.880292139
pepamb,1,reared-1-1-9,9,5.260805275,1.350495722,4.127276231,2.597610765
pepamb,1,reared-1-1-9,9,5.706348629,1.424284294,4.596423783,2.787526207
pepamb,1,reared-1-1-9,9,5.605701404,1.481007442,5.002109492,2.479994816
pepamb,1,reared-1-1-9,9,4.501975614,1.376869561,3.801411418,1.898684332
pepamb,1,reared-1-1-9,9,5.224541245,1.345841515,4.411961359,2.253694584
pepamb,1,reared-1-1-9,9,5.476062347,1.398201343,4.251943496,2.795987786
pepamb,1,reared-1-1-9,9,5.144159213,1.321600853,3.931531701,2.536217308
pepamb,1,reared-1-1-9,9,5.3695004,1.323346181,4.359875639,2.644901591
pepamb,1,reared-1-1-9,9,3.547475335,0.941313359,1.991197597,1.308160128
pepamb,1,reared-1-1-12,12,8.285795268,2.169645255,10.51661264,8.040400677
pepamb,1,reared-1-1-12,12,6.265775577,1.641256676,6.281660391,4.531599197
pepamb,1,reared-1-1-12,12,6.18984396,1.721961989,6.50308853,4.692496227
pepamb,1,reared-1-1-12,12,8.429155354,2.255720977,10.63923265,7.984765466
pepamb,1,reared-1-1-12,12,5.550317749,1.601426142,5.208345902,3.478313385
pepamb,1,reared-1-1-15,15,12.78449742,3.912814018,31.2765007,16.09181642
pepamb,1,reared-1-1-15,15,12.90014355,3.299708387,26.20127952,14.38124212
pepamb,1,reared-1-1-15,15,12.7531807,3.145967884,23.83503681,22.97198843
pepamb,1,reared-1-1-15,15,10.5607756,2.925813616,16.01286659,11.80603472
pepamb,1,reared-1-1-15,15,9.749081746,2.413513283,13.84765925,10.14473515
pepamb,1,reared-1-1-15,15,9.014692065,2.263602973,11.58759868,8.502132618
pepamb,1,reared-1-1-15,15,9.273298027,2.46903562,13.08427317,10.61535309
pepamb,1,reared-1-1-15,15,10.83988212,2.872213206,18.04172242,13.55899534
pepamb,1,reared-1-1-15,15,10.67331511,2.935423251,19.71898286,14.17371722
pepamb,1,reared-1-1-15,15,11.12518152,2.910865294,18.21592402,14.46967754
pepamb,1,reared-1-1-20,20,14.38189953,4.402111288,37.85278611,19.25057002
pepamb,1,reared-1-1-20,20,12.90149324,4.125008739,29.55330175,24.66792724
pepamb,1,reared-1-1-20,20,13.6387915,4.213395266,30.02044907,14.15240242
pepamb,1,reared-1-1-20,20,14.50088194,4.838674367,37.57792838,27.59327797
pepamb,1,reared-1-1-20,20,13.26158309,4.496270383,34.86426243,28.79079321
pepamb,1,reared-1-1-20,20,13.92738222,4.503659702,33.90281452,27.40043424
pepamb,1,reared-1-1-20,20,14.6946921,4.968744284,41.69525287,43.28233461
pepamb,1,reared-1-1-20,20,14.72402103,5.153350158,43.13160617,41.66643714
pepamb,1,reared-1-1-20,20,15.03409233,3.947838795,35.53533645,31.47675173
pepamb,1,reared-1-1-20,20,15.42513541,4.806155711,42.23277706,39.93416845
pepamb,1,reared-1-1-20,20,11.79982783,3.22777678,21.71209833,19.08875861
pepamb,1,reared-1-1-20,20,13.82276414,4.345986356,33.20347893,17.41522968
pepamb,2,reared-1-2-1,1,2.281207556,0.459501173,0.555807095,0.560838058
pepamb,2,reared-1-2-1,1,3.057784912,0.786455118,1.237616951,0.559199184
pepamb,2,reared-1-2-1,1,2.675083344,0.535127794,0.712681676,0.63054739
pepamb,2,reared-1-2-1,1,2.993147302,0.620446969,1.063743813,0.557369743
pepamb,2,reared-1-2-1,1,2.375725398,0.554451167,0.681847969,0.601733691
pepamb,2,reared-1-2-1,1,2.35942709,0.564514138,0.631614564,0.311767266
pepamb,2,reared-1-2-1,1,2.864674651,0.426719348,0.711919408,0.926116479
pepamb,2,reared-1-2-1,1,2.841091493,0.568835659,0.77640721,0.985535203
pepamb,2,reared-1-2-1,1,3.073095444,0.770342018,1.293529247,1.039236924
pepamb,2,reared-1-2-1,1,2.930238301,0.519199901,0.743096135,1.139284488
pepamb,2,reared-1-2-1,1,2.754846277,0.462711446,0.740923674,0.920399475
pepamb,2,reared-1-2-1,1,2.406284727,0.435732807,0.560761832,0.662943744
pepamb,2,reared-1-2-1,1,2.643042351,0.483454747,0.726478711,0.710776008
pepamb,2,reared-1-2-1,1,2.386899617,0.431164341,0.525202069,0.529356425
pepamb,2,reared-1-2-1,1,3.316705766,0.710951969,1.032910107,0.904125071
pepamb,2,reared-1-2-1,1,2.352203976,0.444684529,0.528899065,0.623534532
pepamb,2,reared-1-2-1,1,2.270095073,0.487220645,0.583096259,0.357122162
pepamb,2,reared-1-2-1,1,2.070564267,0.486603284,0.607717488,0.625287746
pepamb,2,reared-1-2-1,1,3.067353994,0.529077664,0.812653013,1.038588997
pepamb,2,reared-1-2-3,3,2.570345643,0.476180541,0.744888987,0.775504839
pepamb,2,reared-1-2-3,3,2.233256833,0.428819807,0.488451002,0.578122074
pepamb,2,reared-1-2-3,3,3.2783921,0.65331386,1.101880456,0.95929668
pepamb,2,reared-1-2-3,3,1.88511023,0.395437791,0.366519625,0.369276503
pepamb,2,reared-1-2-3,3,2.558036025,0.528270394,0.69202465,0.735360831
pepamb,2,reared-1-2-3,3,2.359413033,0.517629877,0.694007667,0.633259627
pepamb,2,reared-1-2-3,3,3.27115933,0.644690173,1.104588967,1.001713902
pepamb,2,reared-1-2-3,3,2.343556576,0.541623201,0.614009849,0.329616158
pepamb,2,reared-1-2-3,3,2.150288615,0.466791849,0.563902389,0.261903374
pepamb,2,reared-1-2-3,3,3.512761666,0.741915293,1.372102829,1.397688588
pepamb,2,reared-1-2-3,3,2.257041519,0.427011614,0.592003195,0.347608412
pepamb,2,reared-1-2-3,3,2.141664928,0.488281522,0.507604046,0.260839316
pepamb,2,reared-1-2-3,3,2.902218513,0.485916962,0.693282173,0.734635337
pepamb,2,reared-1-2-3,3,2.027679254,0.452534947,0.45628743,0.5297558
pepamb,2,reared-1-2-6,6,4.269206577,1.169826579,2.743296474,2.065001343
pepamb,2,reared-1-2-6,6,4.170635277,1.06891904,2.39918341,2.001862813
pepamb,2,reared-1-2-6,6,4.338125618,1.150148261,2.772120586,2.4289764
pepamb,2,reared-1-2-6,6,5.128493126,1.2780124,3.792671766,3.028469478
pepamb,2,reared-1-2-6,6,5.094887232,1.365082218,4.025686853,2.885075578
pepamb,2,reared-1-2-6,6,3.06469584,0.638062719,0.993099645,0.94029581
pepamb,2,reared-1-2-6,6,3.970437595,1.037200108,2.296401634,1.76682923
pepamb,2,reared-1-2-6,6,4.133435169,1.166771498,2.478146943,1.718627564
pepamb,2,reared-1-2-6,6,5.371372091,1.322221224,4.068155993,3.273030358
pepamb,2,reared-1-2-6,6,3.565279899,0.7893791,1.459614259,1.192526972
pepamb,2,reared-1-2-6,6,4.791625483,1.195884626,3.338833302,2.832352483
pepamb,2,reared-1-2-6,6,3.980591248,1.177464283,2.763319947,2.25167178
pepamb,2,reared-1-2-6,6,3.82037919,1.111151047,2.352031362,1.944537549
pepamb,2,reared-1-2-6,6,3.818222662,0.869350346,1.725571188,1.684716845
pepamb,2,reared-1-2-6,6,3.844999551,0.733309372,1.510964777,1.423523564
pepamb,2,reared-1-2-6,6,4.308563213,1.060472639,2.544434326,2.107470482
pepamb,2,reared-1-2-6,6,4.014286998,1.052834936,2.489934955,1.951319693
pepamb,2,reared-1-2-6,6,4.697816515,1.193997664,3.235486347,2.489773476
pepamb,2,reared-1-2-6,6,5.011411627,1.09452781,3.077074843,2.751693415
pepamb,2,reared-1-2-6,6,3.955431755,0.983736185,2.046269707,1.716043891
pepamb,2,reared-1-2-6,6,5.035403001,1.265971785,3.548676065,3.147318476
pepamb,2,reared-1-2-6,6,5.260131189,1.318177734,3.84999703,3.163708657
pepamb,2,reared-1-2-6,6,5.589990116,1.321592236,4.647383379,4.183371699
pepamb,2,reared-1-2-6,6,5.564650912,1.422589631,4.510771623,3.619888576
pepamb,2,reared-1-2-6,6,4.908437416,1.393476503,3.651377101,3.205693358
pepamb,2,reared-1-2-6,6,4.444424477,0.948063618,2.183769601,2.207184146
pepamb,2,reared-1-2-6,6,4.928025878,1.034324737,3.030326494,2.761220712
pepamb,2,reared-1-2-6,6,4.003414503,0.688830982,1.668891842,1.712975778
pepamb,2,reared-1-2-6,6,4.492856501,0.881301105,2.119662193,1.857742254
pepamb,2,reared-1-2-6,6,4.782909516,0.917512804,2.489934955,2.251268081
pepamb,2,reared-1-2-6,6,3.454398419,0.856231467,1.485450997,1.261720988
pepamb,2,reared-1-2-6,6,4.405517117,1.184922275,2.801590616,2.418076526
pepamb,2,reared-1-2-9,9,5.265591008,1.077320522,3.48986723,2.633929886
pepamb,2,reared-1-2-9,9,4.439698151,1.115844815,2.813796126,1.683758552
pepamb,2,reared-1-2-9,9,6.170005439,1.596378716,5.875630492,3.991592615
pepamb,2,reared-1-2-9,9,3.415291878,0.843342096,1.645500066,1.056088284
pepamb,2,reared-1-2-9,9,5.120105149,1.091370558,3.761399776,2.572562247
pepamb,2,reared-1-2-9,9,5.225593727,1.121963379,3.661516882,2.323753701
pepamb,2,reared-1-2-9,9,6.009109862,1.495988941,5.477896295,3.884391823
pepamb,2,reared-1-2-9,9,5.186729514,1.26982868,3.559451457,2.090222874
pepamb,2,reared-1-2-9,9,5.880620015,1.817213561,5.455557447,3.517213061
pepamb,2,reared-1-2-9,9,6.13725979,1.676486584,5.504856973,3.722499369
pepamb,2,reared-1-2-9,9,6.222919688,1.595358956,6.329725345,4.210359262
pepamb,2,reared-1-2-9,9,6.067462835,1.774156998,6.204679151,3.853964771
pepamb,2,reared-1-2-9,9,5.607890682,1.68883702,5.083885239,3.093160107
pepamb,2,reared-1-2-9,9,4.371374184,1.250226613,3.252228109,1.868118238
pepamb,2,reared-1-2-9,9,4.892358593,1.282858956,3.711715097,2.195497903
pepamb,2,reared-1-2-9,9,5.937386693,1.6213062,5.436684972,3.172373147
pepamb,2,reared-1-2-9,9,5.911552756,1.447720268,5.493687549,3.373551161
pepamb,2,reared-1-2-9,9,5.133248731,1.373957578,4.328857862,2.734711469
pepamb,2,reared-1-2-9,9,3.432401197,0.891044235,1.827420452,1.047101392
pepamb,2,reared-1-2-9,9,4.299877629,1.069275743,2.942180308,1.965561833
pepamb,2,reared-1-2-9,9,4.312454677,1.055452321,3.078909462,2.158651643
pepamb,2,reared-1-2-9,9,2.540110587,0.61559554,0.817550474,0.389260841
pepamb,2,reared-1-2-9,9,6.98774021,1.649746193,6.718601033,4.963075723
pepamb,2,reared-1-2-9,9,4.656340645,1.055452321,3.324893556,2.485517771
pepamb,2,reared-1-2-9,9,3.904777012,0.92220359,2.154671733,1.562820652
pepamb,2,reared-1-2-12,12,6.928519942,1.770302739,7.538861593,5.182065326
pepamb,2,reared-1-2-12,12,6.945218645,1.853916386,7.731244289,5.610849264
pepamb,2,reared-1-2-12,12,7.334814993,1.739668429,8.2648068,6.13488645
pepamb,2,reared-1-2-12,12,6.931042768,1.734983181,7.304769521,5.307626425
pepamb,2,reared-1-2-12,12,6.106078808,1.58157136,5.649527856,4.039603645
pepamb,2,reared-1-2-12,12,7.767179241,1.908938011,9.105200227,6.565113619
pepamb,2,reared-1-2-12,12,6.171552138,1.372417107,5.681423261,4.077127652
pepamb,2,reared-1-2-12,12,6.380345988,1.564031716,6.295229417,4.252191575
pepamb,2,reared-1-2-12,12,7.337818357,1.857760692,8.137225177,6.019572291
pepamb,2,reared-1-2-12,12,6.610523787,1.875540605,7.416331279,5.218579071
pepamb,2,reared-1-2-15,15,9.530118317,2.609873824,15.23909415,8.236747068
pepamb,2,reared-1-2-15,15,9.912909753,2.496505876,14.65340286,12.27233302
pepamb,2,reared-1-2-15,15,12.31275087,3.357853719,23.32138676,25.21808745
pepamb,2,reared-1-2-15,15,11.35005045,2.673601971,18.04645829,15.0500419
pepamb,2,reared-1-2-15,15,11.82986208,3.325125902,23.13109888,11.70085154
pepamb,2,reared-1-2-15,15,11.14372625,3.139041898,19.81094596,17.54293677
pepamb,2,reared-1-2-15,15,11.18586453,3.15670453,19.51562904,17.15062246
pepamb,2,reared-1-2-15,15,12.03738682,3.230603728,23.50611429,19.5106865
pepamb,2,reared-1-2-15,15,10.6680929,2.982817336,19.10972274,15.9693548
pepamb,2,reared-1-2-15,15,11.7526297,3.406715528,22.29704483,22.04868207
pepamb,2,reared-1-2-15,15,12.74276114,3.876410792,27.94822436,25.5251429
pepamb,2,reared-1-2-20,20,12.40773943,3.744333473,27.97533073,22.58499321
pepamb,2,reared-1-2-20,20,10.19452407,2.720733225,17.07051056,8.006252901
pepamb,2,reared-1-2-20,20,12.07156162,3.515628973,23.2888518,20.61640604
pepamb,2,reared-1-2-20,20,12.25480207,3.50773774,23.49557562,23.40024989
pepamb,2,reared-1-2-20,20,11.84200255,3.518701186,23.83863741,12.37128459
pepamb,2,reared-1-2-20,20,10.40032469,3.387438815,19.79782404,16.93971479
pepamb,2,reared-1-2-20,20,12.31523639,3.531279604,24.88112403,23.6407811
pepamb,2,reared-1-2-20,20,12.02464033,3.883936727,25.39322272,24.58018292
pepamb,2,reared-1-2-20,20,11.17485202,2.133104758,15.79248071,14.85086202
pepamb,2,reared-1-2-20,20,13.12304249,3.979688551,29.52160275,28.97957621
pepamb,2,reared-1-2-20,20,12.11253388,3.167232927,21.55081988,21.31028868
pepamb,2,reared-1-2-20,20,12.95889214,3.879195396,29.29437281,27.03759157
pepamb,2,reared-1-2-20,20,13.04571924,3.699669849,26.76879518,25.52512693
pepamb,2,reared-1-2-20,20,10.87608693,2.983460428,18.93822981,17.15807722
pepamb,2,reared-1-2-20,20,12.1193516,3.320153813,22.97848896,20.45180289
pepamb,2,reared-1-2-20,20,10.76900676,2.670523138,17.62750102,17.58870567
pepamb,2,reared-1-2-20,20,10.06072624,2.786803467,15.07864618,13.45034969
pepamb,2,reared-1-2-20,20,13.75524042,3.710739233,28.75123783,25.88869483
pepamb,2,reared-1-2-20,20,12.3541864,3.361130782,22.45918542,11.80431819
pepamb,2,reared-1-2-20,20,12.01364157,3.243313169,22.7390662,11.86694498
pepamb,3,reared-1-3-1,1,2.035202151,0.590171281,0.55966395,0.560011029
pepamb,3,reared-1-3-1,1,2.08673571,0.560695081,0.564523048,0.519080567
pepamb,3,reared-1-3-1,1,2.090768771,0.5589524,0.566481562,0.536583235
pepamb,3,reared-1-3-1,1,2.343656642,0.563433579,0.592165365,0.513452938
pepamb,3,reared-1-3-1,1,2.159529974,0.593855806,0.607858268,0.506883239
pepamb,3,reared-1-3-1,1,2.284455288,0.569358693,0.60168523,0.51310586
pepamb,3,reared-1-3-1,1,2.44612627,0.647381,0.68929774,0.59697488
pepamb,3,reared-1-3-1,1,2.27663812,0.621639116,0.561647256,0.444632246
pepamb,3,reared-1-3-1,1,2.13433579,0.549990042,0.258970083,0.598809438
pepamb,3,reared-1-3-1,1,2.595498905,0.607100179,0.657812769,0.87208411
pepamb,3,reared-1-3-1,1,2.04989046,0.557408883,0.634756845,0.503759534
pepamb,3,reared-1-3-1,1,2.457677753,0.655994822,0.651664523,0.623377632
pepamb,3,reared-1-3-1,1,2.349283011,0.588179645,0.655110516,0.560680394
pepamb,3,reared-1-3-1,1,2.511202948,0.54590719,0.59338014,0.708659757
pepamb,3,reared-1-3-1,1,2.416251743,0.627016531,0.629773791,0.545359361
pepamb,3,reared-1-3-1,1,2.222266481,0.543616809,0.500809367,0.480802775
pepamb,3,reared-1-3-1,1,2.25960964,0.571947819,0.604238736,0.526146092
pepamb,3,reared-1-3-1,1,2.067616013,0.620294762,0.570596921,0.458267469
pepamb,3,reared-1-3-1,1,2.226498705,0.551682932,0.59866069,0.498652523
pepamb,3,reared-1-3-3,3,3.360878725,0.658000777,0.966184193,1.210977967
pepamb,3,reared-1-3-3,3,2.329726523,0.464460308,0.570055828,0.483600436
pepamb,3,reared-1-3-3,3,2.951031929,0.540857862,0.621492268,1.058589042
pepamb,3,reared-1-3-3,3,3.119474728,0.668862116,0.961477345,1.084947393
pepamb,3,reared-1-3-3,3,3.334737876,0.644807625,1.074253433,1.192188228
pepamb,3,reared-1-3-3,3,3.126654258,0.730839248,1.01987992,1.064312569
pepamb,3,reared-1-3-3,3,3.385117307,0.6278713,0.840530167,1.223818249
pepamb,3,reared-1-3-3,3,3.586144122,0.603878173,0.941783891,1.237223354
pepamb,3,reared-1-3-3,3,3.407208165,0.623391765,0.894451823,1.215534196
pepamb,3,reared-1-3-3,3,2.187363211,0.546196486,0.503821057,0.572503389
pepamb,3,reared-1-3-3,3,2.329051525,0.499498865,0.508829144,0.523815749
pepamb,3,reared-1-3-3,3,3.095849782,0.590378204,0.882515255,1.088110395
pepamb,3,reared-1-3-3,3,3.34621285,0.784593671,1.327971391,1.223102808
pepamb,3,reared-1-3-3,3,2.901082043,0.572521426,0.863725516,0.782955997
pepamb,3,reared-1-3-3,3,3.816564053,0.740473317,1.396578414,1.476293599
pepamb,3,reared-1-3-3,3,3.269753932,0.737650596,1.136044939,1.085173322
pepamb,3,reared-1-3-3,3,3.158870093,0.655546237,1.031778833,1.184920854
pepamb,3,reared-1-3-3,3,2.620221318,0.497167052,0.613509453,0.739088169
pepamb,3,reared-1-3-3,3,2.111947473,0.487226165,0.473546608,0.566177385
pepamb,3,reared-1-3-6,6,4.220512591,1.099342488,2.671839308,2.029387876
pepamb,3,reared-1-3-6,6,3.957328801,1.104441562,2.160390989,1.780425942
pepamb,3,reared-1-3-6,6,3.981929597,0.970613231,2.435361482,2.145826196
pepamb,3,reared-1-3-6,6,3.693518808,0.977233081,1.772263255,1.809875634
pepamb,3,reared-1-3-6,6,4.338238583,1.147470591,2.697207656,2.320363636
pepamb,3,reared-1-3-6,6,4.87453594,1.292749474,3.471782571,2.304678474
pepamb,3,reared-1-3-6,6,4.953974147,1.287203113,3.626873611,2.914319108
pepamb,3,reared-1-3-6,6,3.709621148,0.778458648,1.464481964,1.570676913
pepamb,3,reared-1-3-6,6,4.304960415,1.037706311,2.437202088,2.079884494
pepamb,3,reared-1-3-6,6,4.212729794,1.063380597,2.590132418,1.973129361
pepamb,3,reared-1-3-6,6,3.16428859,0.715748982,1.114526793,1.148618012
pepamb,3,reared-1-3-6,6,4.554099387,1.15623742,3.065408832,2.450246381
pepamb,3,reared-1-3-6,6,5.135662209,1.20203963,3.517797714,3.078052993
pepamb,3,reared-1-3-6,6,4.699199356,1.08914434,3.106862475,2.678081362
pepamb,3,reared-1-3-6,6,4.860848951,1.193541173,3.070610544,2.618941899
pepamb,3,reared-1-3-6,6,5.060428501,1.287829315,3.418725109,3.063888332
pepamb,3,reared-1-3-6,6,4.623965648,1.122243593,2.95753333,2.464411043
pepamb,3,reared-1-3-6,6,3.760969719,0.982600528,2.124059032,1.734730903
pepamb,3,reared-1-3-6,6,4.705282462,1.101847296,2.839814589,2.295715525
pepamb,3,reared-1-3-6,6,4.37992575,0.984300219,2.577568283,2.331327244
pepamb,3,reared-1-3-9,9,7.158940185,1.777208215,7.403428139,5.597898216
pepamb,3,reared-1-3-9,9,7.725627143,1.8205235,8.734337226,6.583434424
pepamb,3,reared-1-3-9,9,6.608528498,1.783103194,6.703649805,4.748343341
pepamb,3,reared-1-3-9,9,6.673757729,1.666997725,6.968550639,4.671812783
pepamb,3,reared-1-3-9,9,5.804504533,1.489251274,5.011766116,3.374570572
pepamb,3,reared-1-3-9,9,7.238650562,1.859481626,7.620866889,6.380940482
pepamb,3,reared-1-3-9,9,5.760932945,1.422484221,4.95116574,3.412835851
pepamb,3,reared-1-3-9,9,6.618139878,1.628295902,6.145929265,4.530740362
pepamb,3,reared-1-3-9,9,7.220324865,1.740684971,7.626286435,6.321161248
pepamb,3,reared-1-3-9,9,6.433473232,1.765290103,6.497542833,4.307225151
pepamb,3,reared-1-3-9,9,7.269150674,1.692756223,7.477659495,6.305887983
pepamb,3,reared-1-3-12,12,9.685101089,2.412877138,14.06149731,12.22183147
pepamb,3,reared-1-3-12,12,9.756765163,2.523919129,14.24713568,11.58306829
pepamb,3,reared-1-3-12,12,10.07869362,2.608460342,14.84689043,12.0832122
pepamb,3,reared-1-3-12,12,9.929020218,2.580839813,15.08442396,11.61232462
pepamb,3,reared-1-3-12,12,9.149300156,2.35222395,13.03090829,9.870179877
pepamb,3,reared-1-3-12,12,10.98849145,2.788180404,18.20544735,15.43689306
pepamb,3,reared-1-3-12,12,9.613437014,2.3518507,14.24260792,11.02476001
pepamb,3,reared-1-3-12,12,10.53947123,2.640933126,16.32746965,13.40566793
pepamb,3,reared-1-3-12,12,10.01766719,2.574121306,15.06770605,11.56669867
pepamb,3,reared-1-3-12,12,9.434276827,2.542581649,14.00681583,10.7461283
pepamb,3,reared-1-3-12,12,9.623141524,2.319377916,13.32381987,10.89693771
pepamb,3,reared-1-3-15,15,11.9592454,3.514501947,25.24798669,13.39872202
pepamb,3,reared-1-3-15,15,11.24996891,3.167117412,20.37623042,18.41156306
pepamb,3,reared-1-3-15,15,11.58105747,3.366940198,22.21961438,19.94245662
pepamb,3,reared-1-3-15,15,11.1799716,2.718613775,19.19433604,15.81820214
pepamb,3,reared-1-3-15,15,12.47994036,3.478041857,25.24798669,21.17014167
pepamb,3,reared-1-3-15,15,12.30183144,3.32773136,23.98936199,20.23390806
pepamb,3,reared-1-3-15,15,11.66984079,3.286962825,22.10328132,19.05943919
pepamb,3,reared-1-3-20,20,14.32565292,4.160784511,33.90930851,30.58688516
pepamb,3,reared-1-3-20,20,14.01608349,4.227841081,34.31221907,27.08270721
pepamb,3,reared-1-3-20,20,13.56786327,4.084652617,30.83918089,26.37856699
pepamb,3,reared-1-3-20,20,15.0032772,4.739336493,36.65850579,26.28514767
pepamb,3,reared-1-3-20,20,14.43909448,4.103559544,35.56924917,29.76517641
pepamb,3,reared-1-3-20,20,14.43682565,4.319602702,34.06564289,31.10482224
pepamb,3,reared-1-3-20,20,14.5971564,4.285822325,36.46848961,35.63597726
pepamb,3,reared-1-3-20,20,13.68306948,3.674750429,27.65720429,23.6967333
pepamb,3,reared-1-3-20,20,13.5766865,3.80054452,30.25388022,28.57995844
pepamb,3,reared-1-3-20,20,13.26535243,3.958102249,31.88903616,22.51151534
pepamb,3,reared-1-3-20,20,12.8004941,3.835837451,27.35216159,21.53283669
pepamb,3,reared-1-3-20,20,14.7292528,4.396742967,35.09261996,31.58145145
pepamb,3,reared-1-3-20,20,13.89205405,4.014570939,30.57290404,26.06144969
pepamb,3,reared-1-3-20,20,13.33593829,3.69516991,28.30033597,25.85491037
pepamb,3,reared-1-3-20,20,14.24548755,4.309519008,34.7233912,32.04346403
pepamb,3,reared-1-3-20,20,13.62130685,4.382121609,33.01197458,23.48638095
pepamb,3,reared-1-3-20,20,13.61424826,3.816678431,28.14273057,24.96710903
pepamb,3,reared-1-3-20,20,13.7879399,4.302208329,33.22550447,29.49889955
pepamb,3,reared-1-3-20,20,14.38312998,4.348341232,33.50449143,29.00765371
pepamb,3,reared-1-3-20,20,14.98815166,4.439346577,35.29598176,29.38133101
pepamb,3,reared-1-3-20,20,15.22663104,4.31077947,37.57045635,38.15702803
pepamb,3,reared-1-3-20,20,14.5474942,4.015831401,34.04212918,28.15289866
pepamb,3,reared-1-3-20,20,13.93566603,3.882978723,32.15277099,30.3078982
apsnem,1,reared-2-1-1,1,2.681143042,0.516037025,0.534564027,0.250166002
apsnem,1,reared-2-1-1,1,2.61376601,0.618878485,0.658778195,0.69619594
apsnem,1,reared-2-1-1,1,2.586965881,0.539446776,0.654202341,0.633755803
apsnem,1,reared-2-1-1,1,2.823108384,0.481595092,0.673374591,0.549421073
apsnem,1,reared-2-1-1,1,2.985039285,0.52271015,0.722869115,0.820004652
apsnem,1,reared-2-1-1,1,2.620170057,0.514045851,0.654520913,0.57377736
apsnem,1,reared-2-1-1,1,2.577548165,0.483801528,0.543802619,0.222623994
apsnem,1,reared-2-1-1,1,2.852814552,0.585082338,0.777634559,0.789132117
apsnem,1,reared-2-1-1,1,2.329297169,0.524216984,0.59428182,0.531175578
apsnem,1,reared-2-1-1,1,2.657894737,0.5242708,0.70804103,0.610615882
apsnem,1,reared-2-1-1,1,2.668657841,0.54084598,0.717685077,0.623995911
apsnem,1,reared-2-1-3,3,3.306213018,0.684171598,1.155657275,1.155125397
apsnem,1,reared-2-1-3,3,3.289755917,0.568293886,0.983594689,0.811836034
apsnem,1,reared-2-1-3,3,3.23607002,0.673631657,0.967752318,0.867417302
apsnem,1,reared-2-1-3,3,3.451676529,0.696622288,1.091717921,1.109877762
apsnem,1,reared-2-1-3,3,3.214620316,0.658468935,0.996473739,1.014975501
apsnem,1,reared-2-1-3,3,2.693355523,0.615138067,0.753975288,0.587839344
apsnem,1,reared-2-1-3,3,2.450690335,0.429363905,0.555736698,0.305867935
apsnem,1,reared-2-1-3,3,3.020833333,0.595599112,0.995789896,0.714844251
apsnem,1,reared-2-1-3,3,2.745747041,0.608481262,0.851195018,0.682931562
apsnem,1,reared-2-1-3,3,3.179178994,0.671412722,0.919085466,0.909739607
apsnem,1,reared-2-1-3,3,2.764977811,0.627650394,0.829767926,0.714540321
apsnem,1,reared-2-1-3,3,2.839558679,0.666420118,0.974970665,0.744553446
apsnem,1,reared-2-1-6,6,3.89808734,0.904558746,1.864705494,1.332996092
apsnem,1,reared-2-1-6,6,3.218949235,0.664829107,1.116620766,0.437197074
apsnem,1,reared-2-1-6,6,3.621111164,0.810004314,1.280673074,1.10850346
apsnem,1,reared-2-1-6,6,3.121231005,0.604357413,0.892955376,0.68697227
apsnem,1,reared-2-1-6,6,3.658573415,0.896361632,1.715285018,1.123342102
apsnem,1,reared-2-1-6,6,3.730693639,0.81582858,1.507026999,0.520903561
apsnem,1,reared-2-1-6,6,3.852140358,0.869541249,1.693259716,1.587683034
apsnem,1,reared-2-1-6,6,3.937347203,0.865874119,1.60919131,1.654069155
apsnem,1,reared-2-1-6,6,3.844158957,0.888380231,1.644710987,1.302956889
apsnem,1,reared-2-1-6,6,3.929365802,0.887445472,1.887196119,1.304714777
apsnem,1,reared-2-1-6,6,3.969128997,0.958055702,1.760007755,1.656085556
apsnem,1,reared-2-1-9,9,5.421719918,1.419238613,4.218436105,2.583634842
apsnem,1,reared-2-1-9,9,5.65635622,1.495513256,4.565007318,2.81541019
apsnem,1,reared-2-1-9,9,5.269884432,1.591060503,4.409658565,2.75998791
apsnem,1,reared-2-1-9,9,5.424983005,1.479707682,4.312747563,2.950794444
apsnem,1,reared-2-1-9,9,5.118966689,1.433922502,4.121005194,2.566685815
apsnem,1,reared-2-1-9,9,5.285791978,1.472977566,4.135666622,2.652886695
apsnem,1,reared-2-1-9,9,4.472059823,1.130761387,2.914608791,0.97961218
apsnem,1,reared-2-1-9,9,5.456798097,1.498674371,4.273546439,1.857738161
apsnem,1,reared-2-1-9,9,5.180149558,1.507545887,4.072445711,1.721314089
apsnem,1,reared-2-1-9,9,5.886403807,1.434942216,4.783784945,3.555864317
apsnem,1,reared-2-1-9,9,5.192080218,1.378246091,3.644664742,2.267634267
apsnem,1,reared-2-1-12,12,6.550815492,1.733251873,6.03445623,2.776164848
apsnem,1,reared-2-1-12,12,7.240928651,1.834617224,7.12343223,5.108051875
apsnem,1,reared-2-1-12,12,7.80194443,1.954629974,7.998016874,6.705318282
apsnem,1,reared-2-1-12,12,5.841736174,1.636030388,4.577661884,2.707325918
apsnem,1,reared-2-1-12,12,7.134622536,1.830792116,7.150358159,4.823297479
apsnem,1,reared-2-1-12,12,7.366041545,1.773734261,7.262888219,6.628350769
apsnem,1,reared-2-1-12,12,6.773309249,1.597619933,6.456126433,4.420170604
apsnem,1,reared-2-1-15,15,8.68987778,2.499201453,10.90376532,10.41736355
apsnem,1,reared-2-1-15,15,8.361884908,2.187851991,10.17628238,8.738839389
apsnem,1,reared-2-1-15,15,9.313585394,2.357480288,12.18915476,11.29605216
apsnem,1,reared-2-1-15,15,7.639661752,1.933997949,8.00655178,7.256741273
apsnem,1,reared-2-1-15,15,7.320747104,1.91231108,7.580914907,6.946699008
apsnem,1,reared-2-1-15,15,8.202679757,2.238454685,9.624028424,8.823344983
apsnem,1,reared-2-1-15,15,9.096380478,2.431451003,11.64792328,10.49762974
apsnem,1,reared-2-1-15,15,7.034951163,1.854983777,7.0249868,5.71755242
apsnem,1,reared-2-1-15,15,8.374829783,2.100600171,9.985508876,9.548284279
apsnem,1,reared-2-1-18,18,9.796462512,2.478318747,14.22356607,7.768219373
apsnem,1,reared-2-1-18,18,9.500879591,2.393471847,12.457106,6.738400797
apsnem,1,reared-2-1-18,18,9.198193209,2.537119622,13.21749756,6.428871206
apsnem,1,reared-2-1-18,18,8.408327768,1.962528524,9.100559324,4.916653681
apsnem,1,reared-2-1-18,18,10.17610306,2.585462623,15.08479809,12.00896944
apsnem,1,reared-2-1-18,18,9.884071869,2.591184856,15.00420359,12.41817146
apsnem,1,reared-2-1-21,21,9.676388889,2.369246032,12.80470522,6.403927312
apsnem,1,reared-2-1-21,21,11.27083333,2.88531746,18.44057067,16.42101285
apsnem,1,reared-2-1-21,21,10.64285714,2.551190476,14.9675611,13.68142164
apsnem,1,reared-2-1-21,21,11.03809524,2.82202381,17.30245339,9.484048249
apsnem,1,reared-2-1-24,24,12.30047083,3.465484059,20.82515906,11.76788242
apsnem,1,reared-2-1-24,24,11.27435762,3.325008878,20.93477915,9.671813488
apsnem,1,reared-2-1-24,24,11.5514417,3.516261327,21.72404377,11.47224037
apsnem,1,reared-2-1-24,24,10.29463989,2.988383948,18.24875483,13.20556647
apsnem,1,reared-2-1-24,24,11.4442166,3.198710091,21.53602871,17.30668645
apsnem,1,reared-2-1-24,24,10.28381428,3.081174894,19.26124582,9.972770454
apsnem,1,reared-2-1-24,24,9.771917565,2.682947086,15.6577346,8.390919381
apsnem,2,reared-2-2-1,1,2.964894684,0.591050931,0.698381535,1.036238972
apsnem,2,reared-2-2-1,1,2.835673688,0.555221219,0.752067364,0.708410756
apsnem,2,reared-2-2-1,1,2.548757383,0.523960771,0.626220825,0.609422656
apsnem,2,reared-2-2-1,1,3.103254207,0.740610721,0.870461851,0.683974233
apsnem,2,reared-2-2-1,1,2.658976931,0.524406553,0.702293862,0.593462843
apsnem,2,reared-2-2-1,1,2.939206508,0.619915301,0.821681956,0.578713989
apsnem,2,reared-2-2-1,1,3.098740666,0.576228686,0.774609823,0.963053605
apsnem,2,reared-2-2-1,1,3.077398863,0.588543408,0.747658233,0.740019879
apsnem,2,reared-2-2-1,1,3.08653739,0.54847877,0.752191565,0.950633517
apsnem,2,reared-2-2-1,1,3.01615959,0.563969687,0.719992487,0.854657289
apsnem,2,reared-2-2-1,1,3.012760504,0.515100858,0.721079245,0.770883797
apsnem,2,reared-2-2-1,1,2.827315279,0.537167057,0.653203465,0.599952339
apsnem,2,reared-2-2-1,1,3.000501505,0.548367324,0.689532222,0.690556879
apsnem,2,reared-2-2-1,1,3.01432074,0.495987964,0.671026291,0.711391577
apsnem,2,reared-2-2-1,1,3.094059958,0.568817564,0.695338613,0.79249475
apsnem,2,reared-2-2-1,1,2.729800513,0.502953304,0.654693876,0.674162364
apsnem,2,reared-2-2-1,1,2.908614733,0.548367324,0.758029006,0.720085638
apsnem,2,reared-2-2-1,1,2.834559233,0.563245291,0.760544074,0.870741303
apsnem,2,reared-2-2-1,1,3.224395408,0.566755823,0.795692922,0.980503828
apsnem,2,reared-2-2-1,1,3.011088822,0.538448679,0.658730404,0.600542293
apsnem,2,reared-2-2-1,1,2.929900814,0.499721386,0.748869191,0.731201617
apsnem,2,reared-2-2-1,1,2.779783796,0.508302686,0.648328581,0.532790715
apsnem,2,reared-2-2-1,1,3.206341246,0.576005795,0.895519378,0.96240155
apsnem,2,reared-2-2-3,3,3.416101695,0.609322034,0.82690143,1.007986504
apsnem,2,reared-2-2-3,3,2.799636804,0.593280872,0.788317338,0.646036208
apsnem,2,reared-2-2-3,3,3.297457627,0.545096852,0.748047711,0.921108173
apsnem,2,reared-2-2-3,3,2.887227603,0.678329298,0.61408433,0.743284243
apsnem,2,reared-2-2-3,3,2.610835351,0.539043584,0.621449384,0.729177049
apsnem,2,reared-2-2-3,3,2.576876513,0.551150121,0.603568058,0.552708874
apsnem,2,reared-2-2-3,3,3.160835351,0.511380145,0.769959664,0.897290832
apsnem,2,reared-2-2-3,3,3.021973366,0.473728814,0.548165259,0.697335096
apsnem,2,reared-2-2-3,3,2.622154964,0.557082324,0.661132738,0.570993264
apsnem,2,reared-2-2-3,3,2.85901937,0.505024213,0.588178391,0.669047424
apsnem,2,reared-2-2-3,3,3.35653753,0.626392252,0.460700655,1.574765931
apsnem,2,reared-2-2-3,3,2.6968523,0.486198547,0.635849715,0.306913918
apsnem,2,reared-2-2-3,3,3.155447942,0.484624697,0.641675803,0.780915641
apsnem,2,reared-2-2-3,3,2.652663438,0.557445521,0.675716279,0.727051809
apsnem,2,reared-2-2-6,6,3.235639268,0.761796756,1.010401998,1.026429705
apsnem,2,reared-2-2-6,6,3.403308515,0.742566935,1.136326171,1.11887621
apsnem,2,reared-2-2-6,6,3.662689217,0.704551058,1.240752429,0.94344666
apsnem,2,reared-2-2-6,6,3.773408609,0.750628667,1.421652186,1.258694709
apsnem,2,reared-2-2-6,6,3.333045708,0.590281544,0.842521335,0.884696633
apsnem,2,reared-2-2-6,6,4.261328337,1.036413392,2.116696731,1.830933099
apsnem,2,reared-2-2-6,6,3.172624624,0.507963118,0.741322499,0.848319754
apsnem,2,reared-2-2-6,6,3.092894828,0.552709432,0.797720337,0.787983367
apsnem,2,reared-2-2-6,6,3.477935013,0.722375623,1.260226367,0.99699999
apsnem,2,reared-2-2-6,6,3.742271091,0.808983778,1.246714955,1.102957906
apsnem,2,reared-2-2-6,6,3.035353286,0.697968542,0.969430145,0.805378627
apsnem,2,reared-2-2-6,6,3.061461466,0.739460579,1.087805432,0.960513707
apsnem,2,reared-2-2-6,6,3.528450274,0.770450175,1.274831821,1.071941831
apsnem,2,reared-2-2-6,6,3.671120753,0.723780879,1.159410446,1.072051235
apsnem,2,reared-2-2-9,9,4.369818182,1.201818182,2.493719008,1.837024793
apsnem,2,reared-2-2-9,9,5.086181818,1.363636364,3.440909091,2.210578512
apsnem,2,reared-2-2-9,9,3.838636364,1.102545455,1.998347107,0.822231405
apsnem,2,reared-2-2-9,9,4.290818182,1.075090909,2.247355372,1.730661157
apsnem,2,reared-2-2-9,9,4.638909091,1.226818182,2.759090909,2.069421488
apsnem,2,reared-2-2-9,9,4.712545455,1.183454545,2.738099174,1.217438017
apsnem,2,reared-2-2-9,9,3.944454545,0.912,1.880330579,0.748099174
apsnem,2,reared-2-2-9,9,3.862454545,0.884636364,1.510330579,1.38338843
apsnem,2,reared-2-2-9,9,4.353,1.154545455,2.578181818,2.05892562
apsnem,2,reared-2-2-9,9,3.770727273,1.054545455,2.020826446,1.37892562
apsnem,2,reared-2-2-9,9,4.492636364,1.211090909,2.861570248,2.307603306
apsnem,2,reared-2-2-9,9,4.365,1.125090909,2.453884298,1.761570248
apsnem,2,reared-2-2-9,9,4.550636364,1.220363636,2.821900826,1.81214876
apsnem,2,reared-2-2-9,9,5.102909091,1.364363636,3.596115702,2.485702479
apsnem,2,reared-2-2-9,9,4.503363636,1.227545455,2.70338843,1.754132231
apsnem,2,reared-2-2-9,9,3.944272727,1.022272727,1.983553719,1.287107438
apsnem,2,reared-2-2-12,12,7.695483716,2.034314135,7.85240143,7.312201299
apsnem,2,reared-2-2-12,12,7.484921961,2.086638521,7.729617236,6.521652249
apsnem,2,reared-2-2-12,12,5.755350939,1.39343201,4.082071223,3.110365166
apsnem,2,reared-2-2-12,12,8.122428626,1.990932814,9.61515975,8.43965206
apsnem,2,reared-2-2-12,12,8.077808473,1.973289374,9.115971553,7.124250904
apsnem,2,reared-2-2-12,12,9.292889942,2.355298475,12.33905663,9.218123976
apsnem,2,reared-2-2-12,12,6.984847905,2.00265175,6.963222454,4.760403571
apsnem,2,reared-2-2-12,12,8.324894353,2.363510296,10.66863807,8.77504413
apsnem,2,reared-2-2-12,12,6.467409582,1.666731635,5.700407151,3.885817799
apsnem,2,reared-2-2-12,12,4.829416942,1.430936414,3.484504707,1.42409536
apsnem,2,reared-2-2-12,12,6.672148352,2.100817673,6.874656806,4.353806733
apsnem,2,reared-2-2-12,12,7.413518614,1.951106195,7.607587863,4.710585394
apsnem,2,reared-2-2-12,12,8.02247187,2.164293131,8.617034963,7.456875298
apsnem,2,reared-2-2-12,12,8.077299299,2.197234003,8.538533593,7.062103987
apsnem,2,reared-2-2-15,15,7.141647435,1.839763353,7.380343623,6.135648364
apsnem,2,reared-2-2-15,15,7.710037468,1.923382194,8.333584398,7.006375632
apsnem,2,reared-2-2-15,15,7.132398821,1.867529264,7.154899943,6.073833161
apsnem,2,reared-2-2-15,15,7.892835567,1.931436683,8.541126843,4.355594289
apsnem,2,reared-2-2-15,15,9.127620835,2.226925712,11.39133913,10.01070637
apsnem,2,reared-2-2-15,15,8.039010493,2.074504209,8.880411192,8.351485633
apsnem,2,reared-2-2-15,15,7.548206797,2.033584528,8.602662339,5.865171888
apsnem,2,reared-2-2-15,15,7.775874888,2.224915435,8.53441388,5.831047659
apsnem,2,reared-2-2-15,15,7.77007987,2.057717891,8.903626856,7.235735208
apsnem,2,reared-2-2-15,15,8.79679976,2.364778558,11.41371568,10.7522091
apsnem,2,reared-2-2-18,18,10.06038266,2.551875377,14.82387443,13.10227628
apsnem,2,reared-2-2-18,18,9.8023445,2.609935395,15.19390472,13.47777692
apsnem,2,reared-2-2-18,18,7.392932816,2.006241274,8.206701322,6.342092518
apsnem,2,reared-2-2-18,18,8.253504762,2.230627865,10.16860426,8.030087077
apsnem,2,reared-2-2-18,18,9.565739845,2.498021804,13.61766166,12.62322968
apsnem,2,reared-2-2-18,18,9.876309152,2.397288503,13.92908102,11.69444193
apsnem,2,reared-2-2-18,18,9.353946893,2.419032348,1.349223428,12.11604983
apsnem,2,reared-2-2-18,18,8.698547887,2.512370765,11.12630672,10.09748967
apsnem,2,reared-2-2-18,18,9.65498449,2.464002571,13.8595294,12.27859745
apsnem,2,reared-2-2-18,18,9.891154268,2.609634935,13.7368372,12.41457479
apsnem,2,reared-2-2-18,18,10.0164759,2.94648662,15.74367517,14.57458265
apsnem,2,reared-2-2-18,18,9.097970449,2.522537001,12.79749949,9.765361112
apsnem,2,reared-2-2-18,18,10.13485335,2.549347161,16.18325709,14.43430717
apsnem,2,reared-2-2-18,18,8.700793433,2.339295693,11.18452691,9.765751852
apsnem,2,reared-2-2-21,21,9.61233428,2.740293561,14.73607317,13.99539682
apsnem,2,reared-2-2-21,21,8.72790404,2.34927399,10.5784774,9.573134777
apsnem,2,reared-2-2-21,21,11.29083807,2.949021465,18.99720017,16.84133769
apsnem,2,reared-2-2-21,21,8.414614899,2.17053346,10.07911442,9.341162573
apsnem,2,reared-2-2-21,21,11.68304135,3.239030934,20.4330147,19.76979215
apsnem,2,reared-2-2-21,21,11.19180082,3.280855429,20.63579577,18.46086175
apsnem,2,reared-2-2-21,21,10.2491714,2.78744476,15.85623425,13.87785386
apsnem,2,reared-2-2-21,21,11.23086332,3.072127525,19.21554984,18.62355366
apsnem,2,reared-2-2-21,21,8.359375,2.168166035,10.94044745,8.458811925
apsnem,2,reared-2-2-21,21,9.635416667,2.711489899,13.61396602,13.11966283
apsnem,2,reared-2-2-21,21,10.45020518,2.842290088,17.4033643,15.87647344
apsnem,2,reared-2-2-21,21,9.501262626,2.629024621,13.4357055,11.24286759
apsnem,2,reared-2-2-21,21,10.98761048,2.976444129,17.74159223,8.110464404
apsnem,2,reared-2-2-21,21,10.29474432,2.742463699,15.81030687,15.07897168
apsnem,2,reared-2-2-21,21,10.2977036,2.807370581,16.72223787,15.22765185
apsnem,2,reared-2-2-21,21,11.04817708,2.881352588,17.84006365,9.703521837
apsnem,2,reared-2-2-21,21,10.03728693,2.601404672,15.23816066,12.93089351
apsnem,2,reared-2-2-24,24,12.9258855,4.109677902,30.67893257,25.59279335
apsnem,2,reared-2-2-24,24,11.91977829,3.324979938,21.62818129,22.52532565
apsnem,2,reared-2-2-24,24,10.91641687,3.070621302,19.13482408,17.26741752
apsnem,2,reared-2-2-24,24,11.94531053,3.191038441,21.22661344,21.00687304
apsnem,2,reared-2-2-24,24,11.01572531,2.970594946,17.80013325,16.0120344
apsnem,2,reared-2-2-24,24,10.90904299,3.000592035,17.15213118,14.69436572
apsnem,2,reared-2-2-24,24,11.92568487,3.455691796,22.69283902,23.33697242
apsnem,2,reared-2-2-24,24,12.9870067,3.528860225,25.34984093,25.40438917
apsnem,2,reared-2-2-24,24,10.74681757,2.961594442,17.87363796,19.19130664
apsnem,2,reared-2-2-24,24,12.11876101,3.446162198,23.09943614,22.89130174
apsnem,2,reared-2-2-24,24,12.99205572,3.491996711,25.12545813,25.69956862
apsnem,2,reared-2-2-24,24,11.93957704,3.27740079,20.16118198,21.61850962
apsnem,2,reared-2-2-24,24,11.20107353,3.166881058,18.78935193,16.39928818
apsnem,2,reared-2-2-24,24,10.41569896,2.469214187,14.62202161,11.8702373
apsnem,2,reared-2-2-24,24,11.9299491,3.265575828,21.17709448,18.52512183
apsnem,2,reared-2-2-24,24,13.599869,4.088868171,28.80340181,26.81645338
apsnem,2,reared-2-2-24,24,11.30142442,3.051221834,18.33439645,14.86497403
apsnem,2,reared-2-2-24,24,11.57123497,3.10775428,19.74297885,15.79035967
apsnem,2,reared-2-2-24,24,12.33405125,3.309059904,22.68123301,22.44601793
apsnem,2,reared-2-2-24,24,11.17730166,2.971505617,17.55137783,15.44682185
apsnem,2,reared-2-2-24,24,12.31207712,3.301804034,21.90711233,19.55380094
apsnem,3,reared-2-3-1,1,2.989750446,0.652257873,0.87575117,0.908481512
apsnem,3,reared-2-3-1,1,3.326252723,0.664042385,0.888598136,0.660466427
apsnem,3,reared-2-3-1,1,2.720390176,0.611358685,0.849689482,0.736444951
apsnem,3,reared-2-3-1,1,2.971083383,0.59204793,0.807103262,0.819410851
apsnem,3,reared-2-3-3,3,2.518411186,0.567712956,0.729004086,0.601869033
apsnem,3,reared-2-3-3,3,2.410932604,0.520113745,0.716780697,0.62770349
apsnem,3,reared-2-3-3,3,2.709514408,0.571462209,0.743028505,0.596259265
apsnem,3,reared-2-3-3,3,2.641267139,0.562279256,0.7571415,0.695876931
apsnem,3,reared-2-3-3,3,2.550524352,0.653402402,0.805385503,0.60086518
apsnem,3,reared-2-3-3,3,3.38753147,0.568691022,0.871196936,1.080175549
apsnem,3,reared-2-3-3,3,3.479252323,0.604227418,0.84878739,0.745567663
apsnem,3,reared-2-3-3,3,3.536197497,0.732028038,1.085460541,1.064468199
apsnem,3,reared-2-3-3,3,3.828367535,0.655141186,1.136007501,0.964584807
apsnem,3,reared-2-3-3,3,3.451160095,0.582492619,0.915130276,0.740577922
apsnem,3,reared-2-3-3,3,3.855807719,0.662096321,1.01102778,0.988204882
apsnem,3,reared-2-3-3,3,3.709315173,0.641937295,0.942204786,0.856139139
apsnem,3,reared-2-3-6,6,2.990649079,0.745979104,1.118053362,0.847367937
apsnem,3,reared-2-3-6,6,3.390718899,1.071840012,1.748570766,1.267078643
apsnem,3,reared-2-3-6,6,2.902002344,0.783158367,0.983857858,0.892528809
apsnem,3,reared-2-3-6,6,3.170411191,0.875994315,1.268309795,1.170041528
apsnem,3,reared-2-3-6,6,3.956262624,0.884148318,1.656738064,1.230759677
apsnem,3,reared-2-3-6,6,3.813380545,0.972720245,1.69579914,1.329755442
apsnem,3,reared-2-3-6,6,4.332917737,0.975188889,1.92904637,1.455220963
apsnem,3,reared-2-3-6,6,2.912550183,0.708425804,1.029298538,0.889227084
apsnem,3,reared-2-3-6,6,2.540233898,0.631224597,0.769581552,0.605950338
apsnem,3,reared-2-3-9,9,4.308252427,1.29038835,2.828259025,1.954284098
apsnem,3,reared-2-3-9,9,3.590488027,1.175693784,2.004503779,1.636131424
apsnem,3,reared-2-3-9,9,4.271260171,1.246383004,2.640457589,1.94689551
apsnem,3,reared-2-3-9,9,4.089487892,1.384751325,2.79272822,1.956512602
apsnem,3,reared-2-3-9,9,3.206066844,0.992173694,1.526571999,1.271059052
apsnem,3,reared-2-3-9,9,4.635096032,1.289689861,2.868722107,2.382398942
apsnem,3,reared-2-3-9,9,4.917246412,1.24037947,3.118331303,2.328192465
apsnem,3,reared-2-3-9,9,4.372658721,1.191048407,2.59062535,2.034612242
apsnem,3,reared-2-3-9,9,5.315397713,1.401216249,3.630794942,2.852016834
apsnem,3,reared-2-3-9,9,5.316370713,1.495791778,4.016870449,2.874738296
apsnem,3,reared-2-3-12,12,3.567692308,1.120128205,2.089086128,1.23191979
apsnem,3,reared-2-3-12,12,6.534871795,1.71,5.780736358,5.444280079
apsnem,3,reared-2-3-12,12,6.437948718,1.731538462,5.322813938,4.620808679
apsnem,3,reared-2-3-12,12,5.077692308,1.375384615,3.08530572,2.298652202
apsnem,3,reared-2-3-12,12,6.630641026,1.781025641,5.587935569,4.52547666
apsnem,3,reared-2-3-12,12,4.628846154,1.197820513,2.633629191,1.931952663
apsnem,3,reared-2-3-12,12,5.618205128,1.705384615,4.546844181,3.418967784
apsnem,3,reared-2-3-15,15,4.490013095,1.524556906,4.462459556,3.42509688
apsnem,3,reared-2-3-15,15,6.973017834,2.001069696,7.137201878,5.597324989
apsnem,3,reared-2-3-15,15,6.654654101,1.727891407,6.126839967,5.914333956
apsnem,3,reared-2-3-15,15,7.790357979,1.949558289,8.497407019,7.534546451
apsnem,3,reared-2-3-15,15,5.681876026,1.551797274,4.213952527,3.450764273
apsnem,3,reared-2-3-15,15,5.887663451,1.655465595,5.040642576,4.854637315
apsnem,3,reared-2-3-15,15,7.493037753,1.995260139,7.538379893,6.401347731
apsnem,3,reared-2-3-15,15,6.259087807,1.898950591,6.004836516,5.114144655
apsnem,3,reared-2-3-15,15,5.357444533,1.46090998,3.725105366,2.949083416
apsnem,3,reared-2-3-18,18,5.399081989,1.431759801,3.935026182,3.043552228
apsnem,3,reared-2-3-18,18,8.047669179,1.891438919,7.248403913,6.570009826
apsnem,3,reared-2-3-18,18,7.102876153,1.938265886,7.271953353,6.238899035
apsnem,3,reared-2-3-18,18,6.619446667,1.822714448,6.243438686,5.381472463
apsnem,3,reared-2-3-21,21,7.728055507,2.07991614,8.836772021,8.030674709
apsnem,3,reared-2-3-21,21,7.929717723,2.271195747,8.924876623,8.017518818
apsnem,3,reared-2-3-21,21,9.624478998,2.53415529,12.72254378,12.44906072
apsnem,3,reared-2-3-21,21,10.38400679,2.871390421,16.34360308,15.64554353
apsnem,3,reared-2-3-21,21,7.354481244,1.890832855,7.255274475,5.911778954
apsnem,3,reared-2-3-21,21,7.808720393,2.01921781,8.340037475,6.030580635
apsnem,3,reared-2-3-24,24,10.1634369,2.704464727,14.36131912,12.51915244
apsnem,3,reared-2-3-24,24,10.62744481,2.930623623,16.9924082,14.38153494
apsnem,3,reared-2-3-24,24,10.56697091,2.884762376,15.96342292,14.34868423
apsnem,3,reared-2-3-24,24,12.90634414,3.661930669,25.32739112,21.50053624
apsnem,3,reared-2-3-24,24,11.15642282,2.923204892,18.3008772,17.44827496
apsnem,3,reared-2-3-24,24,12.16109887,3.282451329,21.53439774,21.29686185
apsnem,3,reared-2-3-24,24,8.714086597,2.437390405,12.12342775,10.77755948
apsnem,3,reared-2-3-24,24,12.01946855,3.067757745,22.3177608,20.66461205
apsnem,3,reared-2-3-24,24,10.74794299,3.188480734,18.75674396,17.41845662
peamel,1,reared-3-1-1,1,4.172771034,1.204164923,3.040721733,1.462157114
peamel,1,reared-3-1-1,1,4.219024697,1.170259523,3.025390547,2.031820183
peamel,1,reared-3-1-1,1,5.053997488,1.329635831,3.96234503,2.962423175
peamel,1,reared-3-1-1,1,4.769882796,1.168480536,3.7473799,2.948625108
peamel,1,reared-3-1-1,1,4.364169108,1.15226036,3.1398269,2.365273479
peamel,1,reared-3-1-1,1,4.344809544,1.197990791,3.217249389,2.176371366
peamel,1,reared-3-1-1,1,4.083717036,1.176224362,2.863537026,2.0255782
peamel,1,reared-3-1-1,1,4.528568439,1.334554207,3.713870308,2.867041297
peamel,1,reared-3-1-1,1,4.18982838,1.295102553,3.173774526,2.261568957
peamel,1,reared-3-1-1,1,4.041439933,1.164922562,2.726651436,1.86076795
peamel,1,reared-3-1-1,1,4.785893679,1.18051486,3.577422752,2.274381448
peamel,1,reared-3-1-3,3,5.520347468,1.663346648,5.226144214,3.501402707
peamel,1,reared-3-1-3,3,5.284864554,1.553977917,4.951101287,3.605899303
peamel,1,reared-3-1-3,3,5.491461564,1.615936088,5.067427687,3.864621482
peamel,1,reared-3-1-3,3,5.530499398,1.660102217,5.411149194,3.973718557
peamel,1,reared-3-1-3,3,5.785134923,1.619494497,5.595935103,4.232002596
peamel,1,reared-3-1-5,5,6.686094784,1.813021497,6.89710819,5.531675396
peamel,1,reared-3-1-5,5,6.863167413,1.842369189,7.203342227,6.227924479
peamel,1,reared-3-1-5,5,7.073533643,1.884664392,7.780077927,6.829596814
peamel,1,reared-3-1-5,5,6.78757861,1.777754943,7.065126368,6.308056225
peamel,1,reared-3-1-5,5,6.252661433,1.743104936,6.819561339,4.983069436
peamel,1,reared-3-1-5,5,7.012988614,1.902790908,7.807295351,6.583727679
peamel,1,reared-3-1-5,5,7.179086687,1.926836286,8.157776709,7.471106943
peamel,1,reared-3-1-5,5,6.596571992,1.821529861,6.967204462,6.058233722
peamel,1,reared-3-1-6,6,7.22212806,1.871280603,8.512060179,7.363702782
peamel,1,reared-3-1-6,6,6.982730697,1.895404896,7.54826022,6.600795855
peamel,1,reared-3-1-6,6,6.715517891,1.767532957,7.139870408,6.298587393
peamel,1,reared-3-1-6,6,6.906403013,1.864557439,7.643493249,6.737389213
peamel,1,reared-3-1-6,6,7.340112994,2.002711864,8.804536798,7.901560854
peamel,1,reared-3-1-6,6,6.969548023,1.816177024,7.763751015,5.909487482
peamel,1,reared-3-1-6,6,7.061035782,1.864030132,8.053794674,7.195480935
peamel,1,reared-3-1-6,6,7.277627119,2.00007533,8.540213008,7.715091803
peamel,1,reared-3-1-6,6,7.306892655,1.970150659,8.694879788,7.946396842
peamel,1,reared-3-1-7,7,7.306562328,2.045030203,8.944212391,7.479363192
peamel,1,reared-3-1-7,7,7.595551895,2.044618342,9.412768117,9.488536179
peamel,1,reared-3-1-7,7,7.426414058,1.934925865,8.679212651,8.214614958
peamel,1,reared-3-1-7,7,7.034184514,1.912136189,8.089465721,7.056607563
peamel,1,reared-3-1-7,7,7.463207029,1.998352554,8.754038325,8.193128493
peamel,1,reared-3-1-7,7,7.412959912,1.927924217,8.806058188,8.283032387
peamel,1,reared-3-1-7,7,7.213756178,1.963207029,8.422505934,7.329146413
peamel,1,reared-3-1-7,7,7.597199341,2.092394289,9.915815275,8.842245919
peamel,1,reared-3-1-7,7,6.811641955,1.767435475,7.600365918,6.50757183
peamel,1,reared-3-1-8,8,7.275925799,1.891984393,8.30482651,7.97908824
peamel,1,reared-3-1-8,8,7.458279143,2.00930933,8.99153826,8.220486912
peamel,1,reared-3-1-8,8,8.078034089,2.186460401,10.22252155,11.14013638
peamel,1,reared-3-1-8,8,7.370388117,2.111164351,8.972046441,8.927252744
peamel,1,reared-3-1-8,8,7.702101444,2.015880622,9.662319196,9.320837535
peamel,1,reared-3-1-8,8,7.537682251,2.081593538,9.038018749,8.549598766
peamel,1,reared-3-1-8,8,7.44732699,2.141693477,9.416422413,9.500949432
peamel,1,reared-3-1-8,8,7.529605038,1.944007119,8.767757193,9.342390988
peamel,1,reared-3-1-8,8,7.602984462,1.974125539,9.209321844,9.731852509
peamel,2,reared-3-2-1,1,4.571452231,1.166504503,3.126803954,2.306155056
peamel,2,reared-3-2-1,1,4.569547666,1.086761205,3.032108422,2.48224349
peamel,2,reared-3-2-1,1,4.402525618,1.101086844,2.965526697,1.430169958
peamel,2,reared-3-2-1,1,4.460904668,1.134126902,3.034576951,2.042639539
peamel,2,reared-3-2-1,1,4.231694442,1.056039747,2.939469998,2.113061198
peamel,2,reared-3-2-1,1,4.412214057,1.036166028,2.776478484,2.457969617
peamel,2,reared-3-2-1,1,4.611862126,1.04370148,3.054805178,2.311983529
peamel,2,reared-3-2-1,1,4.666514854,1.058109927,3.104587189,2.397627786
peamel,2,reared-3-2-3,3,5.270769687,1.600270325,4.970599511,3.46077361
peamel,2,reared-3-2-3,3,5.320927993,1.56579459,5.147149024,3.61481348
peamel,2,reared-3-2-3,3,6.281453091,1.767075858,6.816894179,4.434399659
peamel,2,reared-3-2-3,3,5.357088633,1.620100354,5.331761693,3.092220203
peamel,2,reared-3-2-3,3,5.801255346,1.615952897,5.554506368,3.93683576
peamel,2,reared-3-2-3,3,5.985169138,1.588864819,5.777083061,4.355951873
peamel,2,reared-3-2-3,3,6.128774834,1.743746413,6.116911477,4.600870227
peamel,2,reared-3-2-5,5,6.677826957,1.829032673,7.24514668,6.038944461
peamel,2,reared-3-2-5,5,7.074822311,1.918896582,7.94923293,6.826331056
peamel,2,reared-3-2-5,5,6.300629947,1.697000863,6.839388055,5.391218167
peamel,2,reared-3-2-5,5,6.807801796,1.818362137,7.42249047,6.404044584
peamel,2,reared-3-2-5,5,6.646843836,1.939209168,7.391418119,6.359584678
peamel,2,reared-3-2-5,5,5.983085089,1.672060093,6.693116615,5.192057619
peamel,2,reared-3-2-5,5,7.134345902,2.267810244,9.516733868,6.604031524
peamel,2,reared-3-2-5,5,7.462689857,2.156091021,10.07339173,7.930556464
peamel,2,reared-3-2-5,5,7.420264835,2.104409631,10.27370923,7.518351978
peamel,2,reared-3-2-5,5,7.451247957,2.048999982,9.678872039,7.921796705
peamel,2,reared-3-2-6,6,8.127225574,2.16123455,10.90791787,10.8182356
peamel,2,reared-3-2-6,6,8.096840053,2.371358152,11.24443363,9.176602327
peamel,2,reared-3-2-6,6,7.721656121,2.207199088,10.74844587,8.557446489
peamel,2,reared-3-2-6,6,7.868304885,2.377023249,10.97604988,7.389421849
peamel,2,reared-3-2-6,6,7.346085933,2.235782078,9.217216297,9.160854052
peamel,2,reared-3-2-7,7,8.563874734,2.422733209,13.06095944,12.50986134
peamel,2,reared-3-2-7,7,8.598571173,2.406345223,13.39699487,11.38291326
peamel,2,reared-3-2-7,7,8.618287968,2.48815712,13.23799274,11.90811204
peamel,2,reared-3-2-7,7,8.042659975,2.35193199,11.25669507,9.649134368
peamel,2,reared-3-2-7,7,8.595754487,2.409033877,12.42281996,12.59149336
peamel,2,reared-3-2-7,7,8.514582747,2.468952449,12.64689822,11.96368083
peamel,2,reared-3-2-7,7,8.549407216,2.42849461,12.81819433,12.00843091
peamel,2,reared-3-2-7,7,8.236627148,2.445010627,12.3882329,9.785351656
peamel,2,reared-3-2-8,8,9.089646036,2.527213687,13.9283811,12.74626018
peamel,2,reared-3-2-8,8,9.179082053,2.63681158,14.52670767,11.06803934
peamel,2,reared-3-2-8,8,8.973973731,2.566245012,13.48757043,11.15339525
peamel,2,reared-3-2-8,8,8.946832744,2.671060922,14.25009439,13.36747082
peamel,2,reared-3-2-8,8,8.863471138,2.544402979,13.92804703,14.26045068
peamel,2,reared-3-2-8,8,9.054621238,2.532383399,13.58161227,12.28907988
peamel,2,reared-3-2-8,8,8.993230908,2.525275045,13.94575295,12.70283056
peamel,2,reared-3-2-8,8,8.965572949,2.678427761,13.99135406,10.29081613
peamel,3,reared-3-3-1,1,4.761560837,1.176959455,3.621786267,2.35474839
peamel,3,reared-3-3-1,1,4.739398856,1.264618003,3.645474707,2.352301237
peamel,3,reared-3-3-1,1,4.56873182,1.212774799,3.385195526,2.089770676
peamel,3,reared-3-3-1,1,4.563982824,1.214753547,3.398899582,2.394196494
peamel,3,reared-3-3-1,1,4.671626729,1.191404318,3.304831025,2.268119178
peamel,3,reared-3-3-1,1,4.713873004,1.21693017,3.581946618,2.476910262
peamel,3,reared-3-3-1,1,4.749292598,1.220195105,3.517929098,2.401635839
peamel,3,reared-3-3-1,1,4.677167224,1.11601401,3.447353209,2.401929498
peamel,3,reared-3-3-1,1,4.674199102,1.213368423,3.579695237,2.410837134
peamel,3,reared-3-3-1,1,4.651542434,1.188930882,3.512447476,2.376381221
peamel,3,reared-3-3-3,3,5.454802321,1.515355691,4.78085589,3.878090089
peamel,3,reared-3-3-3,3,5.36514595,1.468082332,4.51678154,3.772507589
peamel,3,reared-3-3-3,3,5.378621574,1.489165163,4.741882485,3.765775819
peamel,3,reared-3-3-3,3,5.606185746,1.429611598,4.914546483,3.781010877
peamel,3,reared-3-3-3,3,5.409593775,1.278445522,4.641378338,3.540674874
peamel,3,reared-3-3-3,3,5.322654263,1.346584364,4.240306561,2.952058344
peamel,3,reared-3-3-3,3,5.386989502,1.416027299,4.640433528,3.139957401
peamel,3,reared-3-3-3,3,5.544023995,1.57077963,5.032529611,4.029850169
peamel,3,reared-3-3-3,3,5.358734161,1.488404443,5.032293409,3.672830151
peamel,3,reared-3-3-3,3,5.430676607,1.434827968,4.69724022,3.406157574
peamel,3,reared-3-3-5,5,6.164576993,1.718320146,6.05219806,4.934043947
peamel,3,reared-3-3-5,5,6.197443701,1.631892879,6.062422368,5.242403172
peamel,3,reared-3-3-5,5,6.368107121,1.736701156,6.514810986,5.4842303
peamel,3,reared-3-3-5,5,6.162507608,1.693487523,6.095614327,4.811648599
peamel,3,reared-3-3-5,5,5.374558734,1.513572733,4.728224167,3.35046152
peamel,3,reared-3-3-5,5,6.360925137,1.771393792,6.673510039,5.673157744
peamel,3,reared-3-3-5,5,6.178697505,1.653317103,6.196820166,5.145939042
peamel,3,reared-3-3-5,5,6.144248326,1.687766281,6.07057218,5.04591863
peamel,3,reared-3-3-6,6,6.776548258,1.864285982,7.410648792,6.565544567
peamel,3,reared-3-3-6,6,5.968603473,1.709760306,6.083957538,4.940662347
peamel,3,reared-3-3-6,6,5.749352939,1.602629506,5.361576995,4.361861616
peamel,3,reared-3-3-6,6,6.439663903,1.799035973,6.839432108,6.010702532
peamel,3,reared-3-3-6,6,5.883529015,1.721313628,5.604611251,4.625924368
peamel,3,reared-3-3-6,6,6.40723583,1.834614952,6.89389936,5.770253747
peamel,3,reared-3-3-6,6,6.24128812,1.666304062,6.108605693,5.215239347
peamel,3,reared-3-3-6,6,6.229734799,1.741006789,6.380424858,4.987373187
peamel,3,reared-3-3-6,6,6.570426498,1.839603886,6.983529014,5.908834982
peamel,3,reared-3-3-6,6,6.123785588,1.711729622,6.057068642,5.184903156
peamel,3,reared-3-3-6,6,6.454761994,1.779211523,6.946815329,6.258218271
peamel,3,reared-3-3-7,7,6.597682345,1.76864349,7.102122635,5.916669803
peamel,3,reared-3-3-7,7,7.133469666,1.966734833,8.090743459,8.063792901
peamel,3,reared-3-3-7,7,6.7665985,2.092160873,7.992420388,8.042975918
peamel,3,reared-3-3-7,7,6.531424676,1.738650307,6.879455264,5.408884112
peamel,3,reared-3-3-7,7,7.032992502,1.896796183,7.682581901,6.590247894
peamel,3,reared-3-3-7,7,7.065030675,1.990456714,8.242224183,9.43882897
peamel,3,reared-3-3-7,7,6.910429448,1.800408998,7.569947154,6.780388729
peamel,3,reared-3-3-7,7,7.039263804,1.979141104,8.13535128,7.388727883
peamel,3,reared-3-3-7,7,6.421404226,1.665985003,6.311263149,5.108524787
peamel,3,reared-3-3-8,8,7.069874477,1.915202232,8.162983452,8.492887418
peamel,3,reared-3-3-8,8,7.2027894,1.981032078,8.144115124,8.256547018
peamel,3,reared-3-3-8,8,7.418410042,2.075174338,8.994162489,8.265105847
peamel,3,reared-3-3-8,8,7.257740586,2.060808926,8.719501876,9.44486266
peamel,3,reared-3-3-8,8,6.69986053,1.931938633,7.644396204,6.538362035
peamel,3,reared-3-3-8,8,7.285634589,2.024686192,8.451065866,8.353806442
peamel,3,reared-3-3-8,8,7.322733612,2.148396095,8.745761921,8.82687628
peamel,3,reared-3-3-8,8,7.006136681,2.00195258,7.641089383,7.366817808
peamel,3,reared-3-3-8,8,7.023849372,2.020083682,8.455734318,8.444452225
apacom,1,reared-4-1-1,1,2.998128159,0.643414238,0.929010382,0.745489662
apacom,1,reared-4-1-1,1,2.624321458,0.688463218,0.874390193,0.703599909
apacom,1,reared-4-1-1,1,2.68478193,0.66887128,0.901836546,0.678139037
apacom,1,reared-4-1-1,1,2.392899482,0.700630187,0.805248742,0.594593118
apacom,1,reared-4-1-3,3,3.109905866,0.922012343,1.419473689,0.991552408
apacom,1,reared-4-1-3,3,3.032292251,0.854871891,1.366114692,0.926689942
apacom,1,reared-4-1-3,3,2.928932111,0.794713547,1.28663971,0.985412043
apacom,1,reared-4-1-3,3,2.960725641,0.882176922,1.2961223,0.978649868
apacom,1,reared-4-1-3,3,3.185275232,0.710678885,1.10557666,0.963881901
apacom,1,reared-4-1-3,3,2.899569852,0.639548657,0.886583252,0.784800867
apacom,1,reared-4-1-3,3,3.338569915,0.717660994,1.102078984,1.021399247
apacom,1,reared-4-1-6,6,5.127476798,1.358148236,3.894348572,2.732751428
apacom,1,reared-4-1-6,6,5.08857449,1.251103322,3.665487913,2.53993309
apacom,1,reared-4-1-6,6,4.504912733,1.3187374,3.248657659,1.987338039
apacom,1,reared-4-1-6,6,4.921142006,1.296489348,3.672599402,2.439240865
apacom,1,reared-4-1-9,9,5.142886471,1.327140218,3.583629895,1.983635189
apacom,1,reared-4-1-9,9,4.94415931,1.286799425,3.281437941,1.898709556
apacom,1,reared-4-1-9,9,5.735475262,1.532128926,4.320038391,2.85902248
apacom,1,reared-4-1-9,9,5.449599672,1.323855471,3.696477727,2.439451922
apacom,1,reared-4-1-9,9,5.178197495,1.380106754,3.583103061,2.256324441
apacom,1,reared-4-1-12,12,5.953606347,1.803542277,5.859526604,3.88425769
apacom,1,reared-4-1-12,12,7.087854798,1.727606242,6.633147174,5.159584183
apacom,1,reared-4-1-12,12,6.750197476,1.692095701,6.125704017,4.540264984
apacom,1,reared-4-1-12,12,6.301585073,1.672190138,5.674274371,4.601713769
apacom,1,reared-4-1-12,12,7.569397392,2.09708789,8.177670677,6.213876229
apacom,1,reared-4-1-12,12,8.409117239,1.871368639,8.54938298,7.684721582
apacom,1,reared-4-1-15,15,9.24393787,2.141021343,10.88099321,10.22718462
apacom,1,reared-4-1-15,15,9.200357582,2.436920326,11.54429177,10.23517617
apacom,1,reared-4-1-15,15,9.757738295,2.347524863,12.6011741,11.82149862
apacom,1,reared-4-1-15,15,9.610682758,2.458822215,11.92888505,10.40949183
peaper,1,reared-5-1-1,1,4.257962278,1.184693782,2.92919451,2.094317593
peaper,1,reared-5-1-1,1,3.879594817,1.061647454,2.35048091,1.808871021
peaper,1,reared-5-1-1,1,3.380977535,0.850324706,1.630912244,1.188448333
peaper,1,reared-5-1-1,1,3.426187739,0.905975204,1.830160035,1.235284164
peaper,1,reared-5-1-3,3,4.778603518,1.31452324,3.547010688,2.395630188
peaper,1,reared-5-1-3,3,4.238904984,1.110131419,2.839949672,1.95878537
peaper,1,reared-5-1-3,3,4.386950498,1.179241718,2.896080176,2.208763559
peaper,1,reared-5-1-3,3,4.940084813,1.382625855,4.034062691,2.882118066
peaper,1,reared-5-1-3,3,4.5617836,1.271192845,3.530933106,2.198961875
peaper,1,reared-5-1-6,6,6.608375157,1.861276662,7.863396415,6.891938213
peaper,1,reared-5-1-6,6,6.665621079,1.844024467,7.546182088,6.855724192
peaper,1,reared-5-1-6,6,6.773055207,1.811611251,7.149706883,6.268442093
peaper,1,reared-5-1-6,6,6.865589711,1.840234212,7.352983701,6.974444686
peaper,1,reared-5-1-6,6,6.633730657,1.82180573,6.776804957,5.968651492
peaper,1,reared-5-1-6,6,6.846638436,1.975768507,7.753900247,7.2489538
pepmol,light trap,reared-6-light trap-20,20,15.64777507,4.297520661,45.26031337,40.03916721
pepmol,light trap,reared-6-light trap-20,20,12.69233639,3.696739049,29.30616265,26.68347547
pepmol,light trap,reared-6-light trap-20,20,13.99745501,4.008362116,32.24447202,29.72472722
pepmol,light trap,reared-6-light trap-20,20,13.83003616,3.83535418,29.76325014,29.457812
pepmol,light trap,reared-6-light trap-20,20,14.49550541,3.853421391,33.21733517,32.95651009
pepmol,light trap,reared-6-light trap-20,20,13.44596329,3.821877808,30.94873143,30.21226751
apacom,light trap,reared-4-light trap-24,24,12.24790009,2.565441536,19.44419751,17.63695075
apacom,light trap,reared-4-light trap-24,24,11.64734165,2.404755273,16.29581829,13.79787679
apacom,light trap,reared-4-light trap-24,24,10.72842466,2.133219178,13.33006896,9.846770032
apacom,light trap,reared-4-light trap-24,24,10.72941966,2.205196216,12.51137084,15.89605868
apacom,light trap,reared-4-light trap-24,24,11.02615675,2.2025879,13.66459319,12.05330849
apacom,light trap,reared-4-light trap-24,24,12.22313348,2.426993937,17.09875574,14.59219524
pepmol,L14,reared-6-L14-1,1,2.77440706,0.526787057,0.657641172,0.803522531
pepmol,L14,reared-6-L14-1,1,2.663533931,0.576120344,0.651600441,0.660162619
pepmol,L14,reared-6-L14-1,1,2.432076814,0.605803698,0.654508518,0.594017915
pepmol,L14,reared-6-L14-1,1,2.371561659,0.581800829,0.5897694,0.515147538
pepmol,L14,reared-6-L14-6,6,4.583049718,1.037841826,2.156292625,2.11807527
pepmol,L14,reared-6-L14-6,6,3.595297014,0.852321974,1.459533639,1.31583397
pepmol,L14,reared-6-L14-6,6,4.779129073,1.014557618,2.198951483,2.078100908
pepmol,L14,reared-6-L14-6,6,4.493468969,1.020966163,2.359000855,2.167597975
pepmol,L14,reared-6-L14-6,6,3.754290404,0.866699,1.646346621,1.635998017
pepmol,L14,reared-6-L14-10,10,6.991085626,1.712607816,7.116146554,5.174685917
pepmol,L14,reared-6-L14-10,10,8.050254237,1.958305085,9.479531744,7.713659868
pepmol,L14,reared-6-L14-10,10,6.917918598,1.79138655,7.329446458,5.939543778
pepmol,L14,reared-6-L14-10,10,7.810082228,1.949750367,9.156741607,0.644794455
pepmol,L14,reared-6-L14-10,10,6.793912738,1.830190007,7.316412454,5.213109777
pepmol,L14,reared-6-L14-14,14,9.57032176,2.437662981,13.38512227,13.01677901
pepmol,L14,reared-6-L14-14,14,8.289589484,2.099614258,10.58838475,8.872365348
pepmol,L14,reared-6-L14-14,14,9.20840835,2.200768819,11.62444509,11.24243386
pepmol,L14,reared-6-L14-14,14,8.954111922,2.281459854,11.37213254,9.474559113
pepmol,L14,reared-6-L14-14,14,8.520716618,2.14113083,9.982770046,8.500953525
pepmol,L14,reared-6-L14-14,14,8.969297821,2.382566586,12.44481705,9.736728245
pepmol,L14,reared-6-L14-16,16,10.12274748,2.626972546,15.19526704,12.60369799
pepmol,L14,reared-6-L14-16,16,10.85164459,2.855299223,16.9368623,13.88857078
pepmol,L14,reared-6-L14-16,16,10.3347821,2.549514792,14.43258113,13.35165471
pepmol,L14,reared-6-L14-16,16,10.6515986,2.60737787,14.41930927,13.66250201
pepmol,L14,reared-6-L14-16,16,9.960718651,2.692245172,14.36067024,12.63746483
pepmol,L14,reared-6-L14-16,16,10.62416165,2.700186572,16.12138697,13.70420874
