filename,image,fish_id,photo
01v12v01j27.jpg,01v12v01j27,01v12v01j27,NA
05larv0005.jpg,05larv0005,05larv0005,NA
05larv0006b.jpg,05larv0006b,05larv0006,NA
05larv0008.jpg,05larv0008,05larv0008,NA
05larv0009.jpg,05larv0009,05larv0009,NA
05larv0013.jpg,05larv0013,05larv0013,NA
05larv0014.jpg,05larv0014,05larv0014,NA
05larv0015.jpg,05larv0015,05larv0015,NA
05larv0018.jpg,05larv0018,05larv0018,NA
05larv0020.jpg,05larv0020,05larv0020,NA
05larv0022.jpg,05larv0022,05larv0022,NA
05larv0024.jpg,05larv0024,05larv0024,NA
05larv0025.jpg,05larv0025,05larv0025,NA
05larv0028.jpg,05larv0028,05larv0028,NA
05larv0029.jpg,05larv0029,05larv0029,NA
05larv0033.jpg,05larv0033,05larv0033,NA
05larv0040.jpg,05larv0040,05larv0040,NA
05larv0041.jpg,05larv0041,05larv0041,NA
05larv0042.jpg,05larv0042,05larv0042,NA
05larv0043.jpg,05larv0043,05larv0043,NA
05larv0045.jpg,05larv0045,05larv0045,NA
05larv0046.jpg,05larv0046,05larv0046,NA
05larv0047.jpg,05larv0047,05larv0047,NA
05larv0048.jpg,05larv0048,05larv0048,NA
05larv0050.jpg,05larv0050,05larv0050,NA
05larv0051b.jpg,05larv0051,05larv0051,NA
05larv0054.jpg,05larv0054,05larv0054,NA
05larv0057.jpg,05larv0057,05larv0057,NA
05larv0058.jpg,05larv0058,05larv0058,NA
05larv0061.jpg,05larv0061,05larv0061,NA
05larv0063.jpg,05larv0063,05larv0063,NA
05larv0064.jpg,05larv0064,05larv0064,NA
05larv0066.jpg,05larv0066,05larv0066,NA
05larv0069.jpg,05larv0069,05larv0069,NA
05larv0073.jpg,05larv0073,05larv0073,NA
05larv0074.jpg,05larv0074,05larv0074,NA
05larv0080.jpg,05larv0080,05larv0080,NA
05larv0081.jpg,05larv0081,05larv0081,NA
05larv0089.jpg,05larv0089,05larv0089,NA
05larv0093.jpg,05larv0093,05larv0093,NA
05larv0098.jpg,05larv0098,05larv0098,NA
05larv0101.jpg,05larv0101,05larv0101,NA
05larv0102.jpg,05larv0102,05larv0102,NA
05larv0104.jpg,05larv0104,05larv0104,NA
05larv0106.jpg,05larv0106,05larv0106,NA
05larv0110.jpg,05larv0110,05larv0110,NA
05larv0113.jpg,05larv0113,05larv0113,NA
05larv0115.jpg,05larv0115,05larv0115,NA
05larv0116.jpg,05larv0116,05larv0116,NA
05larv0117b.jpg,05larv0117,05larv0117,NA
05larv0118.jpg,05larv0118,05larv0118,NA
05larv0123.jpg,05larv0123,05larv0123,NA
05larv0129.jpg,05larv0129,05larv0129,NA
05larv0130.jpg,05larv0130,05larv0130,NA
05larv0137.jpg,05larv0137,05larv0137,NA
05larv0139.jpg,05larv0139,05larv0139,NA
05larv0140.jpg,05larv0140,05larv0140,NA
05larv0143.jpg,05larv0143,05larv0143,NA
05larv0144.jpg,05larv0144,05larv0144,NA
05larv0145.jpg,05larv0145,05larv0145,NA
05larv0146.jpg,05larv0146,05larv0146,NA
05larv0147.jpg,05larv0147,05larv0147,NA
05larv0157.jpg,05larv0157,05larv0157,NA
05larv0160.jpg,05larv0160,05larv0160,NA
05larv0161.jpg,05larv0161,05larv0161,NA
05larv0163.jpg,05larv0163,05larv0163,NA
05larv0164.jpg,05larv0164,05larv0164,NA
05larv0168.jpg,05larv0168,05larv0168,NA
05larv0172.jpg,05larv0172,05larv0172,NA
05larv0179.jpg,05larv0179,05larv0179,NA
05larv0190.jpg,05larv0190,05larv0190,NA
05larv0204.jpg,05larv0204,05larv0204,NA
05larv0208.jpg,05larv0208,05larv0208,NA
05larv0209.jpg,05larv0209,05larv0209,NA
05larv0212.jpg,05larv0212,05larv0212,NA
05larv0222.jpg,05larv0222,05larv0222,NA
05larv0223.jpg,05larv0223,05larv0223,NA
05larv0225.jpg,05larv0225,05larv0225,NA
05larv0226.jpg,05larv0226,05larv0226,NA
05larv0226b.jpg,05larv0226,05larv0226,NA
05larv0230.jpg,05larv0230,05larv0230,NA
05larv0231.jpg,05larv0231,05larv0231,NA
05larv0241.jpg,05larv0241,05larv0241,NA
05larv0242.jpg,05larv0242,05larv0242,NA
05larv0245.jpg,05larv0245,05larv0245,NA
05larv0246.jpg,05larv0246,05larv0246,NA
05larv0249.jpg,05larv0249,05larv0249,NA
05larv0252.jpg,05larv0252,05larv0252,NA
05larv0268.jpg,05larv0268,05larv0268,NA
05LARV0269.jpg,05larv0269,05larv0269,NA
05LARV0272.jpg,05larv0272,05larv0272,NA
05LARV0280.jpg,05larv0280,05larv0280,NA
05LARV0282.jpg,05larv0282,05larv0282,NA
05LARV0286.jpg,05larv0286,05larv0286,NA
05LARV0288b.jpg,05larv0288,05larv0288,NA
05LARV0289.jpg,05larv0289,05larv0289,NA
05LARV0291.jpg,05larv0291,05larv0291,NA
05LARV0294.jpg,05larv0294,05larv0294,NA
05LARV0298.jpg,05larv0298,05larv0298,NA
05LARV0301.jpg,05larv0301,05larv0301,NA
05LARV0302.jpg,05larv0302,05larv0302,NA
05LARV0305.jpg,05larv0305,05larv0305,NA
05LARV0307.jpg,05larv0307,05larv0307,NA
05LARV0308.jpg,05larv0308,05larv0308,NA
05LARV0313.jpg,05larv0313,05larv0313,NA
05LARV0316.jpg,05larv0316,05larv0316,NA
05LARV0317.jpg,05larv0317,05larv0317,NA
05LARV0318.jpg,05larv0318,05larv0318,NA
05LARV0319.jpg,05larv0319,05larv0319,NA
05LARV0320.jpg,05larv0320,05larv0320,NA
05LARV0321.jpg,05larv0321,05larv0321,NA
05LARV0324.jpg,05larv0324,05larv0324,NA
05LARV0326.jpg,05larv0326,05larv0326,NA
05LARV0335.jpg,05larv0335,05larv0335,NA
1.1.1.JPG,1.1.1,jml03/1.1.1,NA
1.1.4.JPG,1.1.4,jml03/1.1.4,NA
1.1.5.JPG,1.1.5,jml03/1.1.5,NA
10.12  crit 1 lane 5.JPG,10.12  crit 1 lane 5,10.12  crit 1 lane 5,NA
10v12v01j11.jpg,10v12v01j11,10/12/01j11,NA
10v12v01j21.jpg,10v12v01j21,10/12/01j21,NA
10v12v01j28.jpg,10v12v01j28,10/12/01j28,NA
10v12v01j33.jpg,10v12v01j33,10/12/01j33,NA
10v12v01j4.jpg,10v12v01j4,10v12v01j4,NA
10v12v01j6.jpg,10v12v01j6,10/12/01j6,NA
11.12.03 lane 2.JPG,11.12.03 lane 2,jml03/11.12.2,NA
11.12.03 lane 5.JPG,11.12.03 lane 5,jml03/11.12.5,NA
11.12.11.JPG,11.12.11,jml03/11.12.11,NA
11.12.12.JPG,11.12.12,jml03/11.12.12,NA
11.12.13.JPG,11.12.13,jml03/11.12.13,NA
11v11v01j25top1.jpg,11v11v01j25,11v11v01j25,NA
11v11v01j27top2.jpg,11v11v01j27,11v11v01j27,NA
11v12v01j38.jpg,11v12v01j38,11/12/01j38,NA
11v12v01j39.jpg,11v12v01j39,11/12/01j39,NA
11v12v01j46.jpg,11v12v01j46,11/12/01j46,NA
12.12.10.JPG,12.12.10,jml03/12.12.10,NA
12.12.20.JPG,12.12.20,jml03/12.12.20,NA
12.12.21.JPG,12.12.21,jml03/12.12.21,NA
12.12.7.JPG,12.12.7,jml03/12.12.7,NA
12.13.1.JPG,12.13.1,jml03/13.12.1,NA
12.13.3.JPG,12.13.3,jml03/13.12.3,NA
12.13.6.JPG,12.13.6,jml03/13.12.6,NA
12v11v01j21bot1.jpg,12v11v01j21,12/11/01j21,NA
12v12v01j10.jpg,12v12v01j10,12/12/01j10,NA
12v12v01j12.jpg,12v12v01j12,12/12/01j12,NA
12v12v01j14.jpg,12v12v01j14,12/12/01j14,NA
12v12v01j15.jpg,12v12v01j15,12/12/01j15,NA
12v12v01j16.jpg,12v12v01j16,12/12/01j16,NA
12v12v01j18.jpg,12v12v01j18,12/12/01j18,NA
12v12v01j19.jpg,12v12v01j19,12/12/01j19,NA
12v12v01j20.jpg,12v12v01j20,12/12/01j20,NA
12v12v01j29.jpg,12v12v01j29,12/12/01j29,NA
12v12v01j3.jpg,12v12v01j3,12/12/01j3,NA
12v12v01j30.jpg,12v12v01j30,12/12/01j30,NA
12v12v01j31.jpg,12v12v01j31,12/12/01j31,NA
12v12v01j32.jpg,12v12v01j32,12v12v01j32,NA
12v12v01j37.jpg,12v12v01j37,12/12/01j37,NA
12v12v01j39.jpg,12v12v01j39,12/12/01j39,NA
12v12v01j40.jpg,12v12v01j40,12/12/01j40,NA
12v12v01j41.jpg,12v12v01j41,12/12/01j41,NA
12v12v01j9.jpg,12v12v01j9,12/12/01j9,NA
13.12.10.JPG,13.12.10,jml03/13.12.10,NA
13.12.11.JPG,13.12.11,jml03/13.12.11,NA
13v12v01mid1j14.jpg,13v12v01j14,13/12/01j14,NA
14.12.10.JPG,14.12.10,jml03/14.12.10,NA
14.12.12.JPG,14.12.12,jml03/14.12.12,NA
14.12.13.JPG,14.12.13,jml03/14.12.13,NA
14.12.15.JPG,14.12.15,jml03/14.12.15,NA
14.12.2.JPG,14.12.2,jml03/14.12.2,NA
14.12.4.JPG,14.12.4,jml03/14.12.4,NA
14.12.5.JPG,14.12.5,jml03/14.12.5,NA
14.12.6.JPG,14.12.6,jml03/14.12.6,NA
14.12.9.JPG,14.12.9,jml03/14.12.9,NA
14v11v01j5.jpg,14v11v01j5,14/11/01j5,NA
14v11v01j6.jpg,14v11v01j6,14/11/01j6,NA
14v11v01j7.jpg,14v11v01j7,14/11/01j7,NA
14v11v01j9.jpg,14v11v01j9,14/11/01j9,NA
14v12mark2-23.jpg,14v12v00j23,14/12/00j23,NA
14v12mark2-24.jpg,14v12v00j24,14v12v00j24,NA
14v12mark2-28.jpg,14v12v00j28,14/12/00j28,NA
14v12v01j12bott1.jpg,14v12v01j12,14/12/01j12,NA
14v12v01j18bott1.jpg,14v12v01j18j,14v12v01j18j,NA
14v12v01j19.jpg,14v12v01j19,14/12/01j19,NA
14v12v01j20top1.jpg,14v12v01j20,14/12/01j20,NA
14v12v01j21.jpg,14v12v01j21,14/12/01j21,NA
14v12v01j24.jpg,14v12v01j24,14v12v01j24,NA
14v12v01j25.jpg,14v12v01j25,14/12/01j25,NA
14v12v01j26top1.jpg,14v12v01j26,14/12/01j26,NA
14v12v01j28.jpg,14v12v01j28,14/12/01j28,NA
14v12v01j32bott1.jpg,14v12v01j32,14/12/01j32,NA
14v12v01j34top1apogontrimaculatus.jpg,14v12v01j34apogontrimaculatus,14/12/01j34,NA
14v12v01j4.jpg,14v12v01j4,14/12/01j4,NA
14v12v01j5.jpg,14v12v01j5,14v12v01j5,NA
14v12v01j6.jpg,14v12v01j6,14/12/01j6,NA
15.12.11 & 12.JPG,15.12.11 & 12,jml03/15.12.11,NA
15.12.11 & 12.JPG,15.12.11 & 12,jml03/15.12.12,NA
15.12.18 & 19.JPG,15.12.18 & 19,jml03/15.12.18,NA
15.12.18 & 19.JPG,15.12.18 & 19,jml03/15.12.19,NA
15.12.25.JPG,15.12.25,jml03/15.12.25,NA
15.12.3 & 4.JPG,15.12.3 & 4,jml03/15.12.3,NA
15.12.3 & 4.JPG,15.12.3 & 4,jml03/15.12.4,NA
15.12.5 & 6.JPG,15.12.5 & 6,jml03/15.12.5,NA
15.12.5 & 6.JPG,15.12.5 & 6,jml03/15.12.6,NA
15.12.7 & 8.JPG,15.12.7 & 8,jml03/15.12.7,NA
15.12.7 & 8.JPG,15.12.7 & 8,jml03/15.12.8,NA
15v11v01top1j29.jpg,15v11v01j29,15v11v01j29,NA
15v11v01top1j31.jpg,15v11v01j31,15v11v01j31,NA
15v12mark11.jpg,15v12v00j11,15v12v00j11,NA
15v12mark13.jpg,15v12v00j13,15v12v00j13,NA
15v12mark18.jpg,15v12v00j18,15/12/00j18,NA
15v12mark27.jpg,15v12v00j27,15v12v00j27,NA
15v12mark30.jpg,15v12v00j30,15/12/00j30,NA
15v12mark4.jpg,15v12v00j4,15/12/00j4,NA
15v12mark6.jpg,15v12v00j6,15/12/00j6,NA
15v12mark8.jpg,15v12v00j8,15/12/00j8,NA
15v12mark9.jpg,15v12v00j9,15/12/00j9,NA
15v12v01j10.jpg,15v12v01j10,15/12/01j10,NA
15v12v01j22.jpg,15v12v01j22,15/12/01j22,NA
15v12v01j23.jpg,15v12v01j23,15v12v01j23,NA
15v12v01j3.jpg,15v12v01j3,15/12/01j3,NA
15v12v01j30.jpg,15v12v01j30,15/12/01j30,NA
15v12v01j39.jpg,15v12v01j39,15/12/01j39,NA
15v12v01j41.jpg,15v12v01j41,15v12v01j41,NA
15v12v01j42.jpg,15v12v01j42,15/12/01j42,NA
16.12.11.JPG,16.12.11,jml03/16.12.11,NA
16.12.3 & 4.JPG,16.12.3 & 4,jml03/16.12.3,NA
16.12.3 & 4.JPG,16.12.3 & 4,jml03/16.12.4,NA
16v11v01j14.jpg,16v11v01j14,16/11/01j14,NA
16v11v01j15.jpg,16v11v01j15,16/11/01j15,NA
16v11v01j16.jpg,16v11v01j16,16/11/01j16,NA
16v11v01j19.jpg,16v11v01j19,16/11/01j19,NA
16v11v01j20.jpg,16v11v01j20,16/11/01j20,NA
16v11v01j22.jpg,16v11v01j22,16v11v01j22,NA
16v11v01mid2j35.jpg,16v11v01j35,16v11v01j35,NA
16v11v01top1j26.jpg,16v11v01j26,16v11v01j26,NA
16v11v01top2j18.jpg,16v11v01j18,16/11/01j18,NA
16v11v01top2j31.jpg,16v11v01j31,16/11/01j31,NA
16v12mark19.jpg,16v12v00j19,16v12v00j19,NA
16v12mark25.jpg,16v12v00j25,16/12/00j25,NA
16v12mark27.jpg,16v12v00j27,16/12/00j27,NA
16v12mark36.jpg,16v12v00j36,16v12v00j36,NA
16v12v01j10.jpg,16v12v01j10,16/12/01j10,NA
16v12v01j14.jpg,16v12v01j14,16/12/01j14,NA
16v12v01j15.jpg,16v12v01j15,16/12/01j15,NA
16v12v01j19.jpg,16v12v01j19,16v12v01j19,NA
16v12v01j27.jpg,16v12v01j27,16/12/01j27,NA
16v12v01j28.jpg,16v12v01j28,16/12/01j28,NA
16v12v01j29.jpg,16v12v01j29,16/12/01j29,NA
16v12v01j3.jpg,16v12v01j3,16/12/01j3,NA
16v12v01j30.jpg,16v12v01j30,16/12/01j30,NA
16v12v01j33.jpg,16v12v01j33,16/12/01j33,NA
16v12v01j34.jpg,16v12v01j34,16/12/01j34,NA
16v12v01j37.jpg,16v12v01j37,16/12/01j37,NA
16v12v01j39.jpg,16v12v01j39,16/12/01j39,NA
16v12v01j40.jpg,16v12v01j40,16v12v01j40,NA
16v12v01j41.jpg,16v12v01j41,16/12/01j41,NA
16v12v01j9.jpg,16v12v01j9,16/12/01j9,NA
17.12.1.JPG,17.12.1,jml03/17.12.1,NA
17.12.10.JPG,17.12.10,jml03/17.12.10,NA
17.12.16.JPG,17.12.16,jml03/17.12.16,NA
17.12.21.JPG,17.12.21,jml03/17.12.21,NA
17.12.22 & 23.JPG,17.12.22 & 23,jml03/17.12.22,NA
17.12.22 & 23.JPG,17.12.22 & 23,jml03/17.12.23,NA
17.12.24.JPG,17.12.24,jml03/17.12.24,NA
17v11v01bot1j34.jpg,17v11v01j34,17v11v01j34,NA
17v11v01j10.jpg,17v11v01j10,17/11/01j10,NA
17v11v01j15.jpg,17v11v01j15,17v11v01j15,NA
17v11v01j19.jpg,17v11v01j19,17v11v01j19,NA
17v11v01j20.jpg,17v11v01j20,17/11/01j20,NA
17v11v01j24.jpg,17v11v01j24,17/11/01j24,NA
17v11v01j30.jpg,17v11v01j30,17/11/01j30,NA
17v11v01j31.jpg,17v11v01j31,17/11/01j31,NA
17v11v01j35.jpg,17v11v01j35,17v11v01j35,NA
17v11v01j36.jpg,17v11v01j36,17v11v01j36,NA
17v11v01j40.jpg,17v11v01j40,17/11/01j40,NA
17v11v01j42.jpg,17v11v01j42,17/11/01j42,NA
17v11v01olivia1j37.jpg,17v11v01j37,17/11/01j37,NA
17v11v01olivia1j39.jpg,17v11v01j39,17/11/01j39,NA
17v11v01olivia1j41.jpg,17v11v01j41,17/11/01j41,NA
17v11v01sp11top1j11.jpg,17v11v01j11,17/11/01j11,NA
17v11v01sp11top1j25.jpg,17v11v01j25,17/11/01j25,NA
17v11v01sp11topj21.jpg,17v11v01j21,17/11/01j21,NA
17v11v01top1j12.jpg,17v11v01j12,17v11v01j12,NA
17v11v01top1j23.jpg,17v11v01j23,17/11/01j23,NA
17v11v01top1j27.jpg,17v11v01j27,17/11/01j27,NA
17v11v01top1j28.jpg,17v11v01j28,17v11v01j28,NA
17v11v01top1j29.jpg,17v11v01j29,17/11/01j29,NA
17v11v01top1j32.jpg,17v11v01j32,17/11/01j32,NA
17v11v01top1j35.jpg,17v11v01j35,17v11v01j35,NA
17v11v01top1j38.jpg,17v11v01j38,17/11/01j38,NA
17v12v01j12.jpg,17v12v01j12,17v12v01j12,NA
17v12v01j16.jpg,17v12v01j16,17/12/01j16,NA
17v12v01j18.jpg,17v12v01j18,17/12/01j18,NA
17v12v01j19.jpg,17v12v01j19,17/12/01j19,NA
17v12v01j20.jpg,17v12v01j20,17v12v01j20,NA
17v12v01j21top1.jpg,17v12v01j21,17/12/01j21,NA
17v12v01j24.jpg,17v12v01j24,17/12/01j24,NA
17v12v01j25.jpg,17v12v01j25,17/12/01j25,NA
17v12v01j28.jpg,17v12v01j28,17/12/01j28,NA
17v12v01j3.jpg,17v12v01j3,17/12/01j3,NA
17v12v01j31.jpg,17v12v01j31,17v12v01j31,NA
17v12v01j32.jpg,17v12v01j32,17/12/01j32,NA
17v12v01j38top2.jpg,17v12v01j38,17/12/01j38,NA
17v12v01j4.jpg,17v12v01j4,17/12/01j4,NA
17v12v01j42top1.jpg,17v12v01j42,17/12/01j42,NA
17v12v01j5.jpg,17v12v01j5,17/12/01j5,NA
17v12v01j6.jpg,17v12v01j6,17v12v01j6,NA
18.12.7.JPG,18.12.7,jml03/18.12.7,NA
18.12.9.JPG,18.12.9,jml03/18.12.9,NA
18v11v01bot1j10.jpg,18v11v01j10,18v11v01j10,NA
18v11v01bot1j18.jpg,18v11v01j18,18v11v01j18,NA
18v11v01bot1j19.jpg,18v11v01j19,18v11v01j19,NA
18v11v01j14.jpg,18v11v01j14,18/11/01j14,NA
18v11v01j20.jpg,18v11v01j20,18v11v01j20,NA
18v11v01olivej28.jpg,18v11v01j28,18/11/01j28,NA
18v11v01oliviaj33.jpg,18v11v01j33,18v11v01j33,NA
18v11v01oliviaj4.jpg,18v11v01j4,18v11v01j4,NA
18v11v01oliviaj40.jpg,18v11v01j40,18/11/01j40,NA
18v11v01top1j11.jpg,18v11v01j11,18/11/01j11,NA
18v11v01top1j35.jpg,18v11v01j35,18/11/01j35,NA
18v11v01top1j36.jpg,18v11v01j36,18v11v01j36,NA
18v11v01top1j42.jpg,18v11v01j42,18/11/01j42,NA
18v11v01top1j5.jpg,18v11v01j5,18v11v01j5,NA
18v12v01j14.jpg,18v12v01j14,18/12/01j14,NA
18v12v01j22.jpg,18v12v01j22,18/12/01j22,NA
18v12v01j33top2.jpg,18v12v01j33,18/12/01j33,NA
18v12v01j36.jpg,18v12v01j36,18/12/01j36,NA
18v12v01j41.jpg,18v12v01j41,18v12v01j41,NA
19.12.12.JPG,19.12.12,jml03/19.12.12,NA
19.12.3.JPG,19.12.3,jml03/19.12.3,NA
19.12.5.JPG,19.12.5,jml03/19.12.5,NA
19.12.8.JPG,19.12.8,jml03/19.12.8,NA
19.12.9.JPG,19.12.9,jml03/19.12.9,NA
19v11top5.jpg,19v11v00j5,19v11v00j5,NA
19v11v01bot2j25.jpg,19v11v01j25,19/11/01j25,NA
19v11v01bot2j39.jpg,19v11v01j39,19/11/01j39,NA
19v11v01j10.jpg,19v11v01j10,19v11v01j10,NA
19v11v01j19.jpg,19v11v01j19,19/11/01j19,NA
19v11v01j20.jpg,19v11v01j20,19/11/01j20,NA
19v11v01j29.jpg,19v11v01j29,19/11/01j29,NA
19v11v01j31.jpg,19v11v01j31,19v11v01j31,NA
19v11v01j34.jpg,19v11v01j34,19/11/01j34,NA
19v11v01j42.jpg,19v11v01j42,19/11/01j42,NA
19v11v01j9.jpg,19v11v01j9,19/11/01j9,NA
19v12mark11.jpg,19v12v00j11,19/12/00j11,NA
19v12mark19.jpg,19v12v00j19,19v12v00j19,NA
19v12mark22.jpg,19v12v00j22,19v12v00j22,NA
19v12mark25.jpg,19v12v00j25,19/12/00j25,NA
19v12mark26.jpg,19v12v00j26,19/12/00j26,NA
19v12mark27sp9.jpg,19v12v00j27,19/12/00j27,NA
19v12mark32.jpg,19v12v00j32,19v12v00j32,NA
19v12mark35.jpg,19v12v00j35,19v12v00j35,NA
19v12v01j18.jpg,19v12v01j18,19/12/01j18,NA
19v12v01j24.jpg,19v12v01j24,19v12v01j24,NA
19v12v01j25.jpg,19v12v01j25,19/12/01j25,NA
19v12v01j30.jpg,19v12v01j30,19/12/01j30,NA
19v12v01j31.jpg,19v12v01j31,19/12/01j31,NA
19v12v01j6.jpg,19v12v01j6,19/12/01j6,NA
19v12v01sj42.jpg,19v12v01sj42,19v12v01sj42,NA
1v1mark8.jpg,1v1v01j8,1v1v01j8,NA
1v1mark9.jpg,1v1v01j9,1v1v01j9,NA
1v1r23dphpamboinensis13.jpg,1v1r23dphpamboinensis13,1v1r23dphpamboinensis13,NA
1v1r23dphpamboinensis16.jpg,1v1r23dphpamboinensis16,1v1r23dphpamboinensis16,NA
1v1r23dphpamboinensis24.jpg,1v1r23dphpamboinensis24,1v1r23dphpamboinensis24,NA
20.12.2.JPG,20.12.2,jml03/20.12.2,NA
20v11v01j15.jpg,20v11v01j15,20/11/01j15,NA
20v11v01j16.jpg,20v11v01j16,20v11v01j16,NA
20v11v01j18.jpg,20v11v01j18,20/11/01j18,NA
20v11v01j20.jpg,20v11v01j20,20/11/01j20,NA
20v11v01j24.jpg,20v11v01j24,20/11/01j24,NA
20v11v01j27.jpg,20v11v01j27,20v11v01j27,NA
20v11v01j28.jpg,20v11v01j28,20/11/01j28,NA
20v11v01j33.jpg,20v11v01j33,20v11v01j33,NA
20v11v01j4.jpg,20v11v01j4,20v11v01j4,NA
20v11v01j42.jpg,20v11v01j42,20/11/01j42,NA
20v12mark1.jpg,20v12v00j1,20v12v00j1,NA
20v12mark10sp9.jpg,20v12v00j10,20/12/00j10,NA
20v12mark12.jpg,20v12v00j12,20/12/00j12,NA
20v12mark13.jpg,20v12v00j13,20v12v00j13,NA
20v12mark14.jpg,20v12v00j14,20/12/00j14,NA
20v12mark15.jpg,20v12v00j15,20v12v00j15,NA
20v12mark16.jpg,20v12v00j16,20/12/00j16,NA
20v12mark17sp9.jpg,20v12v00j17,20v12v00j17,NA
20v12mark18.jpg,20v12v00j18,20/12/00j18,NA
20v12mark2.jpg,20v12v00j2,20/12/00j2,NA
20v12mark20sp9.jpg,20v12v00j20,20v12v00j20,NA
20v12mark23.jpg,20v12v00j23,20/12/00j23,NA
20v12mark24.jpg,20v12v00j24,20v12v00j24,NA
20v12mark28.jpg,20v12v00j28,20v12v00j28,NA
20v12mark4sp9.jpg,20v12v00j4,20/12/00j4,NA
20v12mark5.jpg,20v12v00j5,20/12/00j5,NA
20v12mark6.jpg,20v12v00j6,20/12/00j6,NA
20v12mark7.jpg,20v12v00j7,20/12/00j7,NA
20v12mark8.jpg,20v12v00j8,20v12v00j8,NA
20v12mark9.jpg,20v12v00j9,20/12/00j9,NA
20v12v01j10.jpg,20v12v01j10,20/12/01j10,NA
20v12v01j14.jpg,20v12v01j14,20v12v01j14,NA
20v12v01j15.jpg,20v12v01j15,20/12/01j15,NA
20v12v01j16.jpg,20v12v01j16,20/12/01j16,NA
20v12v01j19.jpg,20v12v01j19,20/12/01j19,NA
20v12v01j23.jpg,20v12v01j23,20/12/01j23,NA
20v12v01j25.jpg,20v12v01j25,20/12/01j25,NA
20v12v01j26.jpg,20v12v01j26,20/12/01j26,NA
20v12v01j27.jpg,20v12v01j27,20/12/01j27,NA
20v12v01j28.jpg,20v12v01j28,20v12v01j28,NA
20v12v01j3.jpg,20v12v01j3,20/12/01j3,NA
20v12v01j30.jpg,20v12v01j30,20/12/01j30,NA
20v12v01j33.jpg,20v12v01j33,20v12v01j33,NA
20v12v01j37.jpg,20v12v01j37,20/12/01j37,NA
20v12v01j41.jpg,20v12v01j41,20/12/01j41,NA
20v12v01j42.jpg,20v12v01j42,20/12/01j42,NA
20v12v01j5.jpg,20v12v01j5,20/12/01j5,NA
20v12v01j9.jpg,20v12v01j9,20v12v01j9,NA
21.12.1.JPG,21.12.1,jml03/21.12.1,NA
21.12.2.JPG,21.12.2,jml03/21.12.2,NA
21.12.5 or 6.JPG,21.12.5 or 6,jml03/21.12.5,NA
21.12.6 or 5.JPG,21.12.6 or 5,jml03/21.12.6,NA
21v11top10.jpg,21v11v00j10,21/11/00j10,NA
21v11top12.jpg,21v11v00j12,21/11/00j12,NA
21v11top13.jpg,21v11v00j13,21/11/00j13,NA
21v11top14.jpg,21v11v00j14,21/11/00j14,NA
21v11top15.jpg,21v11v00j15,21/11/00j15,NA
21v11top16.jpg,21v11v00j16,21/11/00j16,NA
21v11top17.jpg,21v11v00j17,21v11v00j17,NA
21v11top18.jpg,21v11v00j18,21/11/00j18,NA
21v11top19.jpg,21v11v00j19,21/11/00j19,NA
21v11top20.jpg,21v11v00j20,21/11/00j20,NA
21v11top21.jpg,21v11v00j21,21/11/00j21,NA
21v11top3.jpg,21v11v00j3,21/11/00j3,NA
21v11top9.jpg,21v11v00j9,21/11/00j9,NA
21v11v01bott1j11.jpg,21v11v01jt1j11,21v11v01jt1j11,NA
21v11v01bott1j27.jpg,21v11v01jt1j27,21v11v01jt1j27,NA
21v11v01mid1j15.jpg,21v11v01j15,21/11/01j15,NA
21v11v01mid1j16.jpg,21v11v01j16,21v11v01j16,NA
21v11v01mid1j20.jpg,21v11v01j20,21/11/01j20,NA
21v11v01mid1j26.jpg,21v11v01j26,21/11/01j26,NA
21v11v01mid1j31.jpg,21v11v01j31,21v11v01j31,NA
21v11v01mid1j9.jpg,21v11v01j9,21/11/01j9,NA
21v12mark13.jpg,21v12v00j13,21v12v00j13,NA
21v12mark15.jpg,21v12v00j15,21/12/00j15,NA
21v12mark16.jpg,21v12v00j16,21/12/00j16,NA
21v12mark19.jpg,21v12v00j19,21/12/00j19,NA
21v12mark22.jpg,21v12v00j22,21v12v00j22,NA
21v12mark23.jpg,21v12v00j23,21/12/00j23,NA
21v12mark25.jpg,21v12v00j25,21/12/00j25,NA
21v12mark6.jpg,21v12v00j6,21v12v00j6,NA
21v12mark9.jpg,21v12v00j9,21/12/00j9,NA
21v12marksp9 alive to grow.jpg,21v12v00j alive to grow,21v12v00j alive to grow,NA
21v12v01j14mid1.jpg,21v12v01j14mid1,21v12v01j14mid1,NA
21v12v01j15.jpg,21v12v01j15,21/12/01j15,NA
21v12v01j16.jpg,21v12v01j16,21/12/01j16,NA
21v12v01j25top1.jpg,21v12v01j25,21/12/01j25,NA
21v12v01j26.jpg,21v12v01j26,21/12/01j26,NA
21v12v01j27.jpg,21v12v01j27,21/12/01j27,NA
21v12v01j31.jpg,21v12v01j31,21/12/01j31,NA
21v12v01j5top1.jpg,21v12v01j5,21/12/01j5,NA
21v12v01j9.jpg,21v12v01j9,21v12v01j9,NA
22.12.2.JPG,22.12.2,22.12.2,NA
22.12.4.JPG,22.12.4,jml03/22.12.4,NA
22.12.5.JPG,22.12.5,22.12.5,NA
22.12.6.JPG,22.12.6,jml03/22.12.6,NA
22.12.7.JPG,22.12.7,22.12.7,NA
22.12.8.JPG,22.12.8,jml03/22.12.8,NA
22.12.9.JPG,22.12.9,jml03/22.12.9,NA
22v11top11.jpg,22v11v00j11,22v11v00j11,NA
22v11top29.jpg,22v11v00j29,22v11v00j29,NA
22v11top30.jpg,22v11v00j30,22/11/00j30,NA
22v11top32.jpg,22v11v00j32,22v11v00j32,NA
22v11top5.jpg,22v11v00j5,22/11/00j5,NA
22v11top7.jpg,22v11v00j7,22/11/00j7,NA
22v11top9.jpg,22v11v00j9,22/11/00j9,NA
22v11v01top1j40.jpg,22v11v01j40,22/11/01j40,NA
22v11v01top2j7.jpg,22v11v01j7,22/11/01j7,NA
22v12mark11sp10.jpg,22v12v00j11sp10,22v12v00j11sp10,NA
22v12mark18.jpg,22v12v00j18,22/12/00j18,NA
22v12mark24.jpg,22v12v00j24,22/12/00j24,NA
22v12mark30.jpg,22v12v00j30,22/12/00j30,NA
22v12mark40.jpg,22v12v00j40,22/12/00j40,NA
22v12v01j19.jpg,22v12v01j19,22/12/01j19,NA
22v12v01j21.jpg,22v12v01j21,22/12/01j21,NA
22v12v01j38.jpg,22v12v01j38,22/12/01j38,NA
23v11top10.jpg,23v11v00j10,23/11/00j10,NA
23v11top24.jpg,23v11v00j24,23/11/00j24,NA
23v11v01j12.jpg,23v11v01j12,23/11/01j12,NA
23v11v01j19.jpg,23v11v01j19,23v11v01j19,NA
23v11v01j21.jpg,23v11v01j21,23v11v01j21,NA
23v11v01j22.jpg,23v11v01j22,23v11v01j22,NA
23v11v01j3.jpg,23v11v01j3,23/11/01j3,NA
23v11v01j34.jpg,23v11v01j34,23v11v01j34,NA
23v11v01j35.jpg,23v11v01j35,23/11/01j35,NA
23v11v01j36.jpg,23v11v01j36,23v11v01j36,NA
23v11v01j37.jpg,23v11v01j37,23v11v01j37,NA
23v11v01j38.jpg,23v11v01j38,23/11/01j38,NA
23v11v01j39.jpg,23v11v01j39,23/11/01j39,NA
23v11v01mid2j25.jpg,23v11v01j25,23v11v01j25,NA
23v12mark7.jpg,23v12v00j7,23/12/00j7,NA
23v12mark8sp9.jpg,23v12v00j8,23v12v00j8,NA
23v12v01j14.jpg,23v12v01j14,23/12/01j14,NA
23v12v01j16.jpg,23v12v01j16,23/12/01j16,NA
23v12v01j19.jpg,23v12v01j19,23/12/01j19,NA
23v12v01j21.jpg,23v12v01j21,23/12/01j21,NA
23v12v01j25.jpg,23v12v01j25,23/12/01j25,NA
23v12v01j27.jpg,23v12v01j27,23/12/01j27,NA
23v12v01j31.jpg,23v12v01j31,23/12/01j31,NA
23v12v01j37.jpg,23v12v01j37,23v12v01j37,NA
23v12v01j38.jpg,23v12v01j38,23/12/01j38,NA
23v12v01j39.jpg,23v12v01j39,23/12/01j39,NA
23v12v01j4.jpg,23v12v01j4,23/12/01j4,NA
23v12v01j42.jpg,23v12v01j42,23/12/01j42,NA
24.12.13 & 14.JPG,24.12.13 & 14,jml03/24.12.13,NA
24.12.13 & 14.JPG,24.12.13 & 14,jml03/24.12.14,NA
24.12.15 & 16.JPG,24.12.15 & 16,jml03/24.12.15,NA
24.12.15 & 16.JPG,24.12.15 & 16,jml03/24.12.16,NA
24v11bottom12.jpg,24v11v00j12,24/11/00j12,NA
24v11bottom16.jpg,24v11v00j16,24v11v00j16,NA
24v11bottom21.jpg,24v11v00j21,24/11/00j21,NA
24v11bottom22.jpg,24v11v00j22,24/11/00j22,NA
24v11bottom34.jpg,24v11v00j34,24/11/00j34,NA
24v11bottom35.jpg,24v11v00j35,24/11/00j35,NA
24v11mid12.jpg,24v11v00j12,24/11/00j12,NA
24v11mid15.jpg,24v11v00j15,24/11/00j15,NA
24v11mid17.jpg,24v11v00j17,24/11/00j17,NA
24v11mid18.jpg,24v11v00j18,24/11/00j18,NA
24v11mid23.jpg,24v11v00j23,24/11/00j23,NA
24v11mid3.jpg,24v11v00j3,24/11/00j3,NA
24v11mid36.jpg,24v11v00j36,24/11/00j36,NA
24v11mid6.jpg,24v11v00j6,24v11v00j6,NA
24v11mid7.jpg,24v11v00j7,24/11/00j7,NA
24v11middle19.jpg,24v11v00jdle19,24v11v00jdle19,NA
24v11top10.jpg,24v11v00j10,24/11/00j10,NA
24v11top11.jpg,24v11v00j11,24/11/00j11,NA
24v11top13.jpg,24v11v00j13,24v11v00j13,NA
24v11top24.jpg,24v11v00j24,24/11/00j24,NA
24v11top25.jpg,24v11v00j25,24/11/00j25,NA
24v11top27.jpg,24v11v00j27,24/11/00j27,NA
24v11top29.jpg,24v11v00j29,24/11/00j29,NA
24v11top30.jpg,24v11v00j30,24/11/00j30,NA
24v11top31.jpg,24v11v00j31,24/11/00j31,NA
24v11top5.jpg,24v11v00j5,24/11/00j5,NA
24v11top8.jpg,24v11v00j8,24v11v00j8,NA
24v11top9.jpg,24v11v00j9,24/11/00j9,NA
24v11v01j30.jpg,24v11v01j30,24v11v01j30,NA
24v11v01j40.jpg,24v11v01j40,24/11/01j40,NA
24v11v01j7.jpg,24v11v01j7,24v11v01j7,NA
24v11v01top2j24.jpg,24v11v01j24,24/11/01j24,NA
24v12top26.jpg,24v12v00j26,24v12v00j26,NA
24v12v01j10.jpg,24v12v01j10,24/12/01j10,NA
24v12v01j12bott2.jpg,24v12v01j12v00jt2,24v12v01j12v00jt2,NA
24v12v01j20.jpg,24v12v01j20,24/12/01j20,NA
24v12v01j29.jpg,24v12v01j29,24/12/01j29,NA
24v12v01j34.jpg,24v12v01j34,24/12/01j34,NA
24v12v01j36.jpg,24v12v01j36,24/12/01j36,NA
24v12v01j6.jpg,24v12v01j6,24/12/01j6,NA
25v11v01sunbirdj33.jpg,25v11v01sunbirdj33,25v11v01sunbirdj33,NA
25v12middle32.jpg,25v12v00jdle32,25v12v00jdle32,NA
26v11mid13.jpg,26v11v00j13,26/11/00j13,NA
26v11mid20.jpg,26v11v00j20,26/11/00j20,NA
26v11mid24.jpg,26v11v00j24,26/11/00j24,NA
26v11mid30.jpg,26v11v00j30,26/11/00j30,NA
26v11tbottom25.jpg,26v11tv00j25,26v11tv00j25,NA
26v11top14.jpg,26v11v00j14,26/11/00j14,NA
26v11top15.jpg,26v11v00j15,26/11/00j15,NA
26v11top17.jpg,26v11v00j17,26/11/00j17,NA
26v11top18.jpg,26v11v00j18,26/11/00j18,NA
26v11top21.jpg,26v11v00j21,26/11/00j21,NA
26v11top23.jpg,26v11v00j23,26v11v00j23,NA
26v11top28.jpg,26v11v00j28,26/11/00j28,NA
26v11top3.jpg,26v11v00j3,26v11v00j3,NA
26v11top4.jpg,26v11v00j4,26/11/00j4,NA
26v11top5.jpg,26v11v00j5,26v11v00j5,NA
26v11top6.jpg,26v11v00j6,26/11/00j6,NA
26v11top7.jpg,26v11v00j7,26/11/00j7,NA
26v11top9.jpg,26v11v00j9,26/11/00j9,NA
26v12bottom22.jpg,26v12v00j22,26v12v00j22,NA
26v12bottom23.jpg,26v12v00j23,26/12/00j23,NA
26v12bottom9.jpg,26v12v00j9,26/12/00j9,NA
26v12mark11.jpg,26v12v00j11,26/12/00j11,NA
26v12mark12.jpg,26v12v00j12,26/12/00j12,NA
26v12mark15.jpg,26v12v00j15,26/12/00j15,NA
26v12mark28.jpg,26v12v00j28,26/12/00j28,NA
26v12mark5.jpg,26v12v00j5,26/12/00j5,NA
26v12mark6.jpg,26v12v00j6,26/12/00j6,NA
26v12mid19.jpg,26v12v00j19,26/12/00j19,NA
26v12mid26.jpg,26v12v00j26,26/12/00j26,NA
26v12top14.jpg,26v12v00j14,26v12v00j14,NA
26v12top16.jpg,26v12v00j16,26/12/00j16,NA
26v12top24.jpg,26v12v00j24,26/12/00j24,NA
26v12top27.jpg,26v12v00j27,26v12v00j27,NA
26v12top8.jpg,26v12v00j8,26/12/00j8,NA
26v12top9.jpg,26v12v00j9,26/12/00j9,NA
26v12v01j23.jpg,26v12v01j23,26v12v01j23,NA
26v12v01j33.jpg,26v12v01j33,26/12/01j33,NA
26v12v01j40.jpg,26v12v01j40,26/12/01j40,NA
27v11jeff31.jpg,27v11v00j31,27v11v00j31,NA
27v11v01j12.jpg,27v11v01j12,27/11/01j12,NA
27v11v01j19.jpg,27v11v01j19,27v11v01j19,NA
27v11v01j29.jpg,27v11v01j29,27v11v01j29,NA
27v11v01j37.jpg,27v11v01j37,27v11v01j37,NA
27v11v01j5.jpg,27v11v01j5,27/11/01j5,NA
27v12bottom20.jpg,27v12v00j20,27/12/00j20,NA
27v12mark17sp4.jpg,27v12v00j17sp4,27v12v00j17sp4,NA
27v12v01j11.jpg,27v12v01j11,27v12v01j11,NA
27v12v01j21.jpg,27v12v01j21,27/12/01j21,NA
27v12v01j25.jpg,27v12v01j25,27v12v01j25,NA
27v12v01j30.jpg,27v12v01j30,27v12v01j30,NA
27v12v01j4.jpg,27v12v01j4,27/12/01j4,NA
27v12v01j40.jpg,27v12v01j40,27/12/01j40,NA
27v12v01j41.jpg,27v12v01j41,27v12v01j41,NA
28v11jeff11.jpg,28v11v00j11,28/11/00j11,NA
28v11jeff16.jpg,28v11v00j16,28v11v00j16,NA
28v11jeff18.jpg,28v11v00j18,28/11/00j18,NA
28v11jeff21.jpg,28v11v00j21,28/11/00j21,NA
28v11jeff22.jpg,28v11v00j22,28/11/00j22,NA
28v11jeff24.jpg,28v11v00j24,28/11/00j24,NA
28v11jeff25.jpg,28v11v00j25,28v11v00j25,NA
28v11jeff26.jpg,28v11v00j26,28/11/00j26,NA
28v11jeff27.jpg,28v11v00j27,28/11/00j27,NA
28v11jeff31.jpg,28v11v00j31,28v11v00j31,NA
28v11jeff6.jpg,28v11v00j6,28v11v00j6,NA
28v11v01j16.jpg,28v11v01j16,28/11/01j16,NA
28v11v01j20.jpg,28v11v01j20,28/11/01j20,NA
28v11v01j34.jpg,28v11v01j34,28v11v01j34,NA
28v12v01j20.jpg,28v12v01j20,28/12/01j20,NA
29.12.1.JPG,29.12.1,jml03/29.12.1,NA
29v11jeff11.jpg,29v11v00j11,29v11v00j11,NA
29v11jeff21.jpg,29v11v00j21,29v11v00j21,NA
29v11jeff22.jpg,29v11v00j22,29/11/00j22,NA
29v11jeff23.jpg,29v11v00j23,29/11/00j23,NA
29v11jeff24.jpg,29v11v00j24,29/11/00j24,NA
29v11jeff25.jpg,29v11v00j25,29/11/00j25,NA
29v11jeff26.jpg,29v11v00j26,29/11/00j26,NA
29v11jeff28.jpg,29v11v00j28,29/11/00j28,NA
29v11jeff29.jpg,29v11v00j29,29/11/00j29,NA
29v11jeff30.jpg,29v11v00j30,29/11/00j30,NA
29v11jeff31.jpg,29v11v00j31,29/11/00j31,NA
29v11jeff6.jpg,29v11v00j6,29v11v00j6,NA
29v11v01j19.jpg,29v11v01j19,29v11v01j19,NA
29v11v01j23.jpg,29v11v01j23,29v11v01j23,NA
29v11v01j25.jpg,29v11v01j25,29/11/01j25,NA
29v11v01j29.jpg,29v11v01j29,29/11/01j29,NA
29v11v01j3.jpg,29v11v01j3,29/11/01j3,NA
29v11v01j30.jpg,29v11v01j30,29/11/01j30,NA
29v11v01j31.jpg,29v11v01j31,29/11/01j31,NA
29v11v01j37.jpg,29v11v01j37,29/11/01j37,NA
29v11v01j39.jpg,29v11v01j39,29/11/01j39,NA
29v11v01j41.jpg,29v11v01j41,29v11v01j41,NA
29v11v01j7.jpg,29v11v01j7,29/11/01j7,NA
29v12v01j11Apolyacanthus_f1.jpg,29v12v01j11apolyacanthus_f1,29v12v01j11apolyacanthus_f1,NA
29v12v01j11Apolyacanthus_f2.jpg,29v12v01j11apolyacanthus_f2,29v12v01j11apolyacanthus_f2,NA
29v12v01j11Apolyacanthus_f3.jpg,29v12v01j11apolyacanthus_f3,29v12v01j11apolyacanthus_f3,NA
29v12v01j11Apolyacanthus_f4.jpg,29v12v01j11apolyacanthus_f4,29v12v01j11apolyacanthus_f4,NA
29v12v01j11Apolyacanthus_f5.jpg,29v12v01j11apolyacanthus_f5,29v12v01j11apolyacanthus_f5,NA
29v12v01j11Apolyacanthus_f6.jpg,29v12v01j11apolyacanthus_f6,29v12v01j11apolyacanthus_f6,NA
29v12v01j23Apolyacanthus_f1.jpg,29v12v01j23apolyacanthus_f1,29v12v01j23apolyacanthus_f1,NA
29v12v01j23Apolyacanthus_f2.jpg,29v12v01j23apolyacanthus_f2,29v12v01j23apolyacanthus_f2,NA
29v12v01j23Apolyacanthus_f3.jpg,29v12v01j23apolyacanthus_f3,29v12v01j23apolyacanthus_f3,NA
29v12v01j23Apolyacanthus_f4.jpg,29v12v01j23apolyacanthus_f4,29v12v01j23apolyacanthus_f4,NA
29v12v01j23Apolyacanthus_f5.jpg,29v12v01j23apolyacanthus_f5,29v12v01j23apolyacanthus_f5,NA
29v12v01j23Apolyacanthus_f6.jpg,29v12v01j23apolyacanthus_f6,29v12v01j23apolyacanthus_f6,NA
29v12v01j25Apolyacanthus_f1.jpg,29v12v01j25apolyacanthus_f1,29v12v01j25apolyacanthus_f1,NA
29v12v01j25Apolyacanthus_f2.jpg,29v12v01j25apolyacanthus_f2,29v12v01j25apolyacanthus_f2,NA
29v12v01j25Apolyacanthus_f3.jpg,29v12v01j25apolyacanthus_f3,29v12v01j25apolyacanthus_f3,NA
29v12v01j25Apolyacanthus_f4.jpg,29v12v01j25apolyacanthus_f4,29v12v01j25apolyacanthus_f4,NA
29v12v01j25Apolyacanthus_f5.jpg,29v12v01j25apolyacanthus_f5,29v12v01j25apolyacanthus_f5,NA
29v12v01j25Apolyacanthus_f6.jpg,29v12v01j25apolyacanthus_f6,29v12v01j25apolyacanthus_f6,NA
29v12v01j32.jpg,29v12v01j32,29v12v01j32,NA
29v12v01j32Apolyacanthus_f1.jpg,29v12v01j32apolyacanthus_f1,29v12v01j32apolyacanthus_f1,NA
29v12v01j32Apolyacanthus_f2.jpg,29v12v01j32apolyacanthus_f2,29v12v01j32apolyacanthus_f2,NA
29v12v01j32Apolyacanthus_f3.jpg,29v12v01j32apolyacanthus_f3,29v12v01j32apolyacanthus_f3,NA
29v12v01j32Apolyacanthus_f4.jpg,29v12v01j32apolyacanthus_f4,29v12v01j32apolyacanthus_f4,NA
29v12v01j32Apolyacanthus_f5.jpg,29v12v01j32apolyacanthus_f5,29v12v01j32apolyacanthus_f5,NA
29v12v01j32Apolyacanthus_f6.jpg,29v12v01j32apolyacanthus_f6,29v12v01j32apolyacanthus_f6,NA
29v12v01j4_Apolyacanthus_f1.jpg,29v12v01j4_apolyacanthus_f1,29v12v01j4_apolyacanthus_f1,NA
29v12v01j41Apolyacanthus_f1.jpg,29v12v01j41apolyacanthus_f1,29v12v01j41apolyacanthus_f1,NA
29v12v01j41Apolyacanthus_f2.jpg,29v12v01j41apolyacanthus_f2,29v12v01j41apolyacanthus_f2,NA
29v12v01j41Apolyacanthus_f3.jpg,29v12v01j41apolyacanthus_f3,29v12v01j41apolyacanthus_f3,NA
29v12v01j41Apolyacanthus_f4.jpg,29v12v01j41apolyacanthus_f4,29v12v01j41apolyacanthus_f4,NA
29v12v01j41Apolyacanthus_f5.jpg,29v12v01j41apolyacanthus_f5,29v12v01j41apolyacanthus_f5,NA
29v12v01j41Apolyacanthus_f6.jpg,29v12v01j41apolyacanthus_f6,29v12v01j41apolyacanthus_f6,NA
29v12v01j4Apolyacanthus_f2.jpg,29v12v01j4apolyacanthus_f2,29v12v01j4apolyacanthus_f2,NA
29v12v01j4Apolyacanthus_f3.jpg,29v12v01j4apolyacanthus_f3,29v12v01j4apolyacanthus_f3,NA
29v12v01j4Apolyacanthus_f4.jpg,29v12v01j4apolyacanthus_f4,29v12v01j4apolyacanthus_f4,NA
29v12v01j4Apolyacanthus_f5.jpg,29v12v01j4apolyacanthus_f5,29v12v01j4apolyacanthus_f5,NA
29v12v01j4Apolyacanthus_f6.jpg,29v12v01j4apolyacanthus_f6,29v12v01j4apolyacanthus_f6,NA
29v12v01j4Apolyacanthus_f7.jpg,29v12v01j4apolyacanthus_f7,29v12v01j4apolyacanthus_f7,NA
29v12v01j4Apolyacanthus_f8.jpg,29v12v01j4apolyacanthus_f8,29v12v01j4apolyacanthus_f8,NA
30.12.1.JPG,30.12.1,jml03/30.12.1,NA
30.12.14.JPG,30.12.14,30.12.14,NA
30.12.17.JPG,30.12.17,jml03/30.12.17,NA
30.12.21.JPG,30.12.21,jml03/30.12.21,NA
30.12.23.JPG,30.12.23,jml03/30.12.23,NA
30.12.3.JPG,30.12.3,jml03/30.12.3,NA
30.12.B A.cyanosoma.JPG,30.12.b,30.12.b,NA
30v11v01j32bot1.jpg,30v11v01j32,30/11/01j32,NA
31.12.3.JPG,31.12.3,jml03/31.12.3,NA
31.12.4.JPG,31.12.4,jml03/31.12.4,NA
31.12.5.JPG,31.12.5,jml03/31.12.5,NA
31v12mark24.jpg,31v12v00j24,31/12/00j24,NA
31v12mark26.jpg,31v12v00j26,31v12v00j26,NA
31v12mark7.jpg,31v12v00j7,31/12/00j7,NA
3v1mark19.jpg,3v1v01j19,3v1v01j19,NA
3v1mark6.jpg,3v1v01j6,3v1v01j6,NA
3v1r25dphpamboinensis1.jpg,3v1r25dphpamboinensis1,3v1r25dphpamboinensis1,NA
3v1r25dphpamboinensis2.jpg,3v1r25dphpamboinensis2,3v1r25dphpamboinensis2,NA
3v1r25dphpamboinensis3.jpg,3v1r25dphpamboinensis3,3v1r25dphpamboinensis3,NA
3v1r25dphpamboinensis4.jpg,3v1r25dphpamboinensis4,3v1r25dphpamboinensis4,NA
4v12v01bot2j11.jpg,4v12v01j11,4v12v01j11,NA
4v12v01j21.jpg,4v12v01j21,4v12v01j21,NA
4v12v01j22.jpg,4v12v01j22,4/12/01j22,NA
4v12v01j24.jpg,4v12v01j24,4v12v01j24,NA
4v12v01j27.jpg,4v12v01j27,4v12v01j27,NA
4v12v01j28.jpg,4v12v01j28,4v12v01j28,NA
4v12v01j33.jpg,4v12v01j33,4v12v01j33,NA
4v12v01j36.jpg,4v12v01j36,4v12v01j36,NA
4v1mark27.jpg,4v1v01j27,4v1v01j27,NA
5v12v01j10.jpg,5v12v01j10,5v12v01j10,NA
5v12v01j12.jpg,5v12v01j12,5v12v01j12,NA
5v12v01j14.jpg,5v12v01j14,5v12v01j14,NA
5v12v01j15.jpg,5v12v01j15,5v12v01j15,NA
5v12v01j19.jpg,5v12v01j19,5v12v01j19,NA
5v12v01j20.jpg,5v12v01j20,5v12v01j20,NA
5v12v01j21.jpg,5v12v01j21,5v12v01j21,NA
5v12v01j25.jpg,5v12v01j25,5v12v01j25,NA
5v12v01j26.jpg,5v12v01j26,5v12v01j26,NA
5v12v01j28.jpg,5v12v01j28,5v12v01j28,NA
5v12v01j29.jpg,5v12v01j29,5v12v01j29,NA
5v12v01j3.jpg,5v12v01j3,5v12v01j3,NA
5v12v01j30.jpg,5v12v01j30,5v12v01j30,NA
5v12v01j31.jpg,5v12v01j31,5v12v01j31,NA
5v12v01j32.jpg,5v12v01j32,5v12v01j32,NA
5v12v01j34.jpg,5v12v01j34,5v12v01j34,NA
5v12v01j36.jpg,5v12v01j36,5v12v01j36,NA
5v12v01j37.jpg,5v12v01j37,5v12v01j37,NA
5v12v01j38.jpg,5v12v01j38,5v12v01j38,NA
5v12v01j39.jpg,5v12v01j39,5v12v01j39,NA
5v12v01j40.jpg,5v12v01j40,5v12v01j40,NA
5v12v01j41.jpg,5v12v01j41,5v12v01j41,NA
6v12v01jar10.jpg,6v12v01j10,6/12/01j10,NA
6v12v01jar12.jpg,6v12v01j12,6/12/01j12,NA
6v12v01jar14.jpg,6v12v01j14,6v12v01j14,NA
6v12v01jar15.jpg,6v12v01j15,6/12/01j15,NA
6v12v01jar18.jpg,6v12v01j18,6/12/01j18,NA
6v12v01jar19.jpg,6v12v01j19,6v12v01j19,NA
6v12v01jar20.jpg,6v12v01j20,6/12/01j20,NA
6v12v01jar21.jpg,6v12v01j21,6/12/01j21,NA
6v12v01jar25.jpg,6v12v01j25,6v12v01j25,NA
6v12v01jar26.jpg,6v12v01j26,6v12v01j26,NA
6v12v01jar28.jpg,6v12v01j28,6/12/01j28,NA
6v12v01jar29.jpg,6v12v01j29,6/12/01j29,NA
6v12v01jar3.jpg,6v12v01j3,6/12/01j3,NA
6v12v01jar30.jpg,6v12v01j30,6/12/01j30,NA
6v12v01jar31.jpg,6v12v01j31,6/12/01j31,NA
6v12v01jar32.jpg,6v12v01j32,6/12/01j32,NA
6v12v01jar34.jpg,6v12v01j34,6/12/01j34,NA
6v12v01jar36.jpg,6v12v01j36,6/12/01j36,NA
6v12v01jar37.jpg,6v12v01j37,6/12/01j37,NA
6v12v01jar38.jpg,6v12v01j38,6/12/01j38,NA
6v12v01jar39.jpg,6v12v01j39,6/12/01j39,NA
6v12v01jar40.jpg,6v12v01j40,6/12/01j40,NA
6v12v01jar41.jpg,6v12v01j41,6/12/01j41,NA
7v12mark3.jpg,7v12v00j3,7v12v00j3,NA
7v12mark4.jpg,7v12v00j4,7/12/00j4,NA
7v12mark5.jpg,7v12v00j5,7/12/00j5,NA
7v12markHalfBlackUcrit1.jpg,7v12v00jhalfblackucrit1,7v12v00jhalfblackucrit1,NA
7v1mark19.jpg,7v1v01j19,7v1v01j19,NA
8v12v01j22.jpg,8v12v01j22,8v12v01j22,NA
8v12v01j23.jpg,8v12v01j23,8v12v01j23,NA
8v1mark27.jpg,8v1v01j27,8v1v01j27,NA
9v12mark24.jpg,9v12v00j24,9/12/00j24,NA
9v12mark25.jpg,9v12v00j25,9/12/00j25,NA
9v12mark30.jpg,9v12v00j30,9/12/00j30,NA
acura1dph13v12v01C18Lf1.jpg,acura1dph13v12v01c18lf1,acura1dph13v12v01c18lf1,NA
acura1dph13v12v01C18Lf2.jpg,acura1dph13v12v01c18lf2,acura1dph13v12v01c18lf2,NA
acura1dph13v12v01C18Lf3.jpg,acura1dph13v12v01c18lf3,acura1dph13v12v01c18lf3,NA
acura3dph16v12v01C18Lf1.jpg,acura3dph16v12v01c18lf1,acura3dph16v12v01c18lf1,NA
acura3dph16v12v01C18Lf2.jpg,acura3dph16v12v01c18lf2,acura3dph16v12v01c18lf2,NA
acura3dph16v12v01C18Lf3.jpg,acura3dph16v12v01c18lf3,acura3dph16v12v01c18lf3,NA
acura3dph16v12v01C18Lf4.jpg,acura3dph16v12v01c18lf4,acura3dph16v12v01c18lf4,NA
acura3dph16v12v01C18Lf5.jpg,acura3dph16v12v01c18lf5,acura3dph16v12v01c18lf5,NA
Anigrofuscus20v12v01eggs.jpg,anigrofuscus20v12v01eggs,anigrofuscus20v12v01eggs,NA
Asex1dphC16L8v12v01f1.jpg,asex1dphc16l8v12v01f1,asex1dphc16l8v12v01f1,NA
Asex1dphC16L8v12v01f2.jpg,asex1dphc16l8v12v01f2,asex1dphc16l8v12v01f2,NA
Asex1dphC16L8v12v01f3.jpg,asex1dphc16l8v12v01f3,asex1dphc16l8v12v01f3,NA
Asex1dphC16L8v12v01f4.jpg,asex1dphc16l8v12v01f4,asex1dphc16l8v12v01f4,NA
Asex1dphC16L8v12v01f5.jpg,asex1dphc16l8v12v01f5,asex1dphc16l8v12v01f5,NA
asex4dph11v12v01C16Lf1.jpg,asex4dph11v12v01c16lf1,asex4dph11v12v01c16lf1,NA
asex4dph11v12v01C16Lf2.jpg,asex4dph11v12v01c16lf2,asex4dph11v12v01c16lf2,NA
asex4dph11v12v01C16Lf3.jpg,asex4dph11v12v01c16lf3,asex4dph11v12v01c16lf3,NA
asex4dph11v12v01C16Lf4.jpg,asex4dph11v12v01c16lf4,asex4dph11v12v01c16lf4,NA
Australian Institute of Marine Science - Shortcut.lnk,australian institute of marine science - shortcut.lnk,australian institute of marine science - shortcut.lnk,NA
Cviri1dphC15L3v12v01f1.jpg,cviri1dphc15l3v12v01f1,cviri1dphc15l3v12v01f1,NA
Cviri1dphC15L3v12v01f2.jpg,cviri1dphc15l3v12v01f2,cviri1dphc15l3v12v01f2,NA
Cviri1dphC15L3v12v01f3.jpg,cviri1dphc15l3v12v01f3,cviri1dphc15l3v12v01f3,NA
Cviri1dphC15L3v12v01f4.jpg,cviri1dphc15l3v12v01f4,cviri1dphc15l3v12v01f4,NA
Cviri1dphC15L3v12v01f5.jpg,cviri1dphc15l3v12v01f5,cviri1dphc15l3v12v01f5,NA
Cviri5dphC15L7v12v01f1.jpg,cviri5dphc15l7v12v01f1,cviri5dphc15l7v12v01f1,NA
Cviri5dphC15L7v12v01f2.jpg,cviri5dphc15l7v12v01f2,cviri5dphc15l7v12v01f2,NA
Cviri5dphC15L7v12v01f3.jpg,cviri5dphc15l7v12v01f3,cviri5dphc15l7v12v01f3,NA
Cviri5dphC15L7v12v01f4.jpg,cviri5dphc15l7v12v01f4,cviri5dphc15l7v12v01f4,NA
Cviri5dphC15L7v12v01f5.jpg,cviri5dphc15l7v12v01f5,cviri5dphc15l7v12v01f5,NA
Dretic1dph14v12v01C19Lf1.jpg,dretic1dph14v12v01c19lf1,dretic1dph14v12v01c19lf1,NA
Dretic1dph14v12v01C19Lf2.jpg,dretic1dph14v12v01c19lf2,dretic1dph14v12v01c19lf2,NA
Dretic1dph14v12v01C19Lf3.jpg,dretic1dph14v12v01c19lf3,dretic1dph14v12v01c19lf3,NA
Dretic1dph14v12v01C19Lf4.jpg,dretic1dph14v12v01c19lf4,dretic1dph14v12v01c19lf4,NA
Dretic1dph14v12v01C19Lf5.jpg,dretic1dph14v12v01c19lf5,dretic1dph14v12v01c19lf5,NA
Dretic1dph14v12v01C19Lf6.jpg,dretic1dph14v12v01c19lf6,dretic1dph14v12v01c19lf6,NA
Dretic1dph14v12v01C19Lf7.jpg,dretic1dph14v12v01c19lf7,dretic1dph14v12v01c19lf7,NA
DSC_0127.jpg,dsc_0127,dsc_0127,NA
DSC_0128.jpg,dsc_0128,dsc_0128,NA
DSC_0129.jpg,dsc_0129,dsc_0129,NA
DSC_0130.jpg,dsc_0130,dsc_0130,NA
DSC_0131.jpg,dsc_0131,dsc_0131,NA
DSC_0132.jpg,dsc_0132,dsc_0132,NA
DSC_0133.jpg,dsc_0133,dsc_0133,NA
DSC_0134.jpg,dsc_0134,dsc_0134,NA
DSC_0135.jpg,dsc_0135,dsc_0135,NA
DSC_0136.jpg,dsc_0136,dsc_0136,NA
DSC_0137.jpg,dsc_0137,dsc_0137,NA
DSC_0138.jpg,dsc_0138,dsc_0138,NA
DSC_0139.jpg,dsc_0139,dsc_0139,NA
DSC_0140.jpg,dsc_0140,dsc_0140,NA
DSC_0143.jpg,dsc_0143,dsc_0143,NA
DSC_0144.jpg,dsc_0144,dsc_0144,NA
DSC_0145.jpg,dsc_0145,dsc_0145,NA
DSC_0146.jpg,dsc_0146,dsc_0146,NA
DSC_0147.jpg,dsc_0147,dsc_0147,NA
DSC_0148.jpg,dsc_0148,dsc_0148,NA
DSC_0149.jpg,dsc_0149,dsc_0149,NA
DSC_0150.jpg,dsc_0150,dsc_0150,NA
DSC_0151.jpg,dsc_0151,dsc_0151,NA
DSC_0152.jpg,dsc_0152,dsc_0152,NA
DSCN6415.JPG,dscn6415,dscn6415,NA
DSCN6766.JPG,dscn6766,dscn6766,NA
E.bicolour19v12v01top2.jpg,e.bicolour19v12v01j2,e.bicolour19v12v01j2,NA
Eimidiator20v12v01eggs.jpg,eimidiator20v12v01eggs,eimidiator20v12v01eggs,NA
Einsideggs22v12v01e1.jpg,einsideggs22v12v01e1,einsideggs22v12v01e1,NA
Einsideggs22v12v01e2.jpg,einsideggs22v12v01e2,einsideggs22v12v01e2,NA
Ghist10dphC10L24v11v01f1.jpg,ghist10dphc10l24v11v01f1,ghist10dphc10l24v11v01f1,NA
Ghist10dphC10L24v11v01f2.jpg,ghist10dphc10l24v11v01f2,ghist10dphc10l24v11v01f2,NA
Ghist10dphC10L24v11v01f3.jpg,ghist10dphc10l24v11v01f3,ghist10dphc10l24v11v01f3,NA
Ghist10dphC10L24v11v01f4.jpg,ghist10dphc10l24v11v01f4,ghist10dphc10l24v11v01f4,NA
Ghist10dphC10L24v11v01f5.jpg,ghist10dphc10l24v11v01f5,ghist10dphc10l24v11v01f5,NA
Ghistrio10dphC9L16v11v01f1.jpg,ghistrio10dphc9l16v11v01f1,ghistrio10dphc9l16v11v01f1,NA
Ghistrio10dphC9L16v11v01f2.jpg,ghistrio10dphc9l16v11v01f2,ghistrio10dphc9l16v11v01f2,NA
Ghistrio10dphC9L16v11v01f3.jpg,ghistrio10dphc9l16v11v01f3,ghistrio10dphc9l16v11v01f3,NA
Ghistrio10dphC9L16v11v01f4.jpg,ghistrio10dphc9l16v11v01f4,ghistrio10dphc9l16v11v01f4,NA
Ghistrio10dphC9L16v11v01f5.jpg,ghistrio10dphc9l16v11v01f5,ghistrio10dphc9l16v11v01f5,NA
Ghistrio2dphC10L16v11v01f1.jpg,ghistrio2dphc10l16v11v01f1,ghistrio2dphc10l16v11v01f1,NA
Ghistrio2dphC10L16v11v01f2.jpg,ghistrio2dphc10l16v11v01f2,ghistrio2dphc10l16v11v01f2,NA
Ghistrio2dphC10L16v11v01f3.jpg,ghistrio2dphc10l16v11v01f3,ghistrio2dphc10l16v11v01f3,NA
Ghistrio2dphC10L16v11v01f4.jpg,ghistrio2dphc10l16v11v01f4,ghistrio2dphc10l16v11v01f4,NA
Ghistrio2dphC10L16v11v01f5.jpg,ghistrio2dphc10l16v11v01f5,ghistrio2dphc10l16v11v01f5,NA
No 1 CG DSC_0132a.jpg,no 1 cg dsc_0132a,no 1 cg dsc_0132a,NA
No 11 CG DSC_0152a.jpg,no 11 cg dsc_0152a,no 11 cg dsc_0152a,NA
No 13 MG DSC_0128a.jpg,no 13 mg dsc_0128a,no 13 mg dsc_0128a,NA
No 4 MG DSC_0140a.jpg,no 4 mg dsc_0140a,no 4 mg dsc_0140a,NA
No 7 MR DSC_0147a.jpg,no 7 mr dsc_0147a,no 7 mr dsc_0147a,NA
No 8 MR DSC_0150a.jpg,no 8 mr dsc_0150a,no 8 mr dsc_0150a,NA
pmol15dph11v12v0114Lf1.jpg,pmol15dph11v12v0114lf1,pmol15dph11v12v0114lf1,NA
pmol15dph11v12v0114Lf2.jpg,pmol15dph11v12v0114lf2,pmol15dph11v12v0114lf2,NA
pmol15dph11v12v0114Lf3.jpg,pmol15dph11v12v0114lf3,pmol15dph11v12v0114lf3,NA
pmol15dph11v12v0114Lf4.jpg,pmol15dph11v12v0114lf4,pmol15dph11v12v0114lf4,NA
pmol15dph11v12v0114Lf5.jpg,pmol15dph11v12v0114lf5,pmol15dph11v12v0114lf5,NA
pmol15dph11v12v0114Lf6.jpg,pmol15dph11v12v0114lf6,pmol15dph11v12v0114lf6,NA
pmol15dph11v12v0114Lf7.jpg,pmol15dph11v12v0114lf7,pmol15dph11v12v0114lf7,NA
PMOL17DPH13V12V01C14Lf1.jpg,pmol17dph13v12v01c14lf1,pmol17dph13v12v01c14lf1,NA
PMOL17DPH13V12V01C14Lf2.jpg,pmol17dph13v12v01c14lf2,pmol17dph13v12v01c14lf2,NA
PMOL17DPH13V12V01C14Lf3.jpg,pmol17dph13v12v01c14lf3,pmol17dph13v12v01c14lf3,NA
PMOL17DPH13V12V01C14Lf4.jpg,pmol17dph13v12v01c14lf4,pmol17dph13v12v01c14lf4,NA
PMOL17DPH13V12V01C14Lf5.jpg,pmol17dph13v12v01c14lf5,pmol17dph13v12v01c14lf5,NA
PMOL17DPH13V12V01C14Lf6.jpg,pmol17dph13v12v01c14lf6,pmol17dph13v12v01c14lf6,NA
Pmol2dphCL1428v11v01f1.jpg,pmol2dphcl1428v11v01f1,pmol2dphcl1428v11v01f1,NA
Pmol2dphCL1428v11v01f2.jpg,pmol2dphcl1428v11v01f2,pmol2dphcl1428v11v01f2,NA
Pmol2dphCL1428v11v01f3.jpg,pmol2dphcl1428v11v01f3,pmol2dphcl1428v11v01f3,NA
Pmol2dphCL1428v11v01f4.jpg,pmol2dphcl1428v11v01f4,pmol2dphcl1428v11v01f4,NA
Pmol2dphCL1428v11v01f5.jpg,pmol2dphcl1428v11v01f5,pmol2dphcl1428v11v01f5,NA
Pmol2dphCL1428v11v01f6.jpg,pmol2dphcl1428v11v01f6,pmol2dphcl1428v11v01f6,NA
Pmol7dphC14L2v12v01f1.jpg,pmol7dphc14l2v12v01f1,pmol7dphc14l2v12v01f1,NA
Pmol7dphC14L2v12v01f2.jpg,pmol7dphc14l2v12v01f2,pmol7dphc14l2v12v01f2,NA
Pmol7dphC14L2v12v01f3.jpg,pmol7dphc14l2v12v01f3,pmol7dphc14l2v12v01f3,NA
Pmol7dphC14L2v12v01f4.jpg,pmol7dphc14l2v12v01f4,pmol7dphc14l2v12v01f4,NA
Pmol7dphC14L2v12v01f5.jpg,pmol7dphc14l2v12v01f5,pmol7dphc14l2v12v01f5,NA
Pmoll11dphC14L7v12v01f1.jpg,pmoll11dphc14l7v12v01f1,pmoll11dphc14l7v12v01f1,NA
Pmoll11dphC14L7v12v01f2.jpg,pmoll11dphc14l7v12v01f2,pmoll11dphc14l7v12v01f2,NA
Pmoll11dphC14L7v12v01f3.jpg,pmoll11dphc14l7v12v01f3,pmoll11dphc14l7v12v01f3,NA
Pmoll11dphC14L7v12v01f4.jpg,pmoll11dphc14l7v12v01f4,pmoll11dphc14l7v12v01f4,NA
Pmoll11dphC14L7v12v01f5.jpg,pmoll11dphc14l7v12v01f5,pmoll11dphc14l7v12v01f5,NA
Psextriatus.jpg,psextriatus,psextriatus,NA
scale.JPG,scale,scale,NA
spatz1dph11v12v01C17Lf1.jpg,spatz1dph11v12v01c17lf1,spatz1dph11v12v01c17lf1,NA
spatz1dph11v12v01C17Lf2.jpg,spatz1dph11v12v01c17lf2,spatz1dph11v12v01c17lf2,NA
spatz1dph11v12v01C17Lf3.jpg,spatz1dph11v12v01c17lf3,spatz1dph11v12v01c17lf3,NA
spatz1dph11v12v01C17Lf4.jpg,spatz1dph11v12v01c17lf4,spatz1dph11v12v01c17lf4,NA
Spatz1dphC12L24v11v01f1.jpg,spatz1dphc12l24v11v01f1,spatz1dphc12l24v11v01f1,NA
Spatz1dphC12L24v11v01f2.jpg,spatz1dphc12l24v11v01f2,spatz1dphc12l24v11v01f2,NA
Spatz1dphC12L24v11v01f3.jpg,spatz1dphc12l24v11v01f3,spatz1dphc12l24v11v01f3,NA
Spatz1dphC12L24v11v01f4.jpg,spatz1dphc12l24v11v01f4,spatz1dphc12l24v11v01f4,NA
Spatz1dphC12L24v11v01f5.jpg,spatz1dphc12l24v11v01f5,spatz1dphc12l24v11v01f5,NA
Spatz1dphC12L24v11v01f6.jpg,spatz1dphc12l24v11v01f6,spatz1dphc12l24v11v01f6,NA
Spatz1dphC12L24v11v01f7.jpg,spatz1dphc12l24v11v01f7,spatz1dphc12l24v11v01f7,NA
spatz3dph13v12v01C17Lf1.jpg,spatz3dph13v12v01c17lf1,spatz3dph13v12v01c17lf1,NA
spatz3dph13v12v01C17Lf2.jpg,spatz3dph13v12v01c17lf2,spatz3dph13v12v01c17lf2,NA
spatz3dph13v12v01C17Lf3.jpg,spatz3dph13v12v01c17lf3,spatz3dph13v12v01c17lf3,NA
Spatz8dphC12L1v12v01.jpg,spatz8dphc12l1v12v01,spatz8dphc12l1v12v01,NA
tci03nov15d.jpg,tci03nov15d,tci03nov15d,NA
tci03nov19a.jpg,tci03nov19a,tci03nov19a,NA
tci03nov19b.jpg,tci03nov19b,tci03nov19b,NA
tci03nov19h.jpg,tci03nov19h,tci03nov19h,NA
tci03nov19j.jpg,tci03nov19j,tci03nov19j,NA
tci03nov19k.jpg,tci03nov19k,tci03nov19k,NA
tci03nov19l.jpg,tci03nov19l,tci03nov19l,NA
tci03nov19n.jpg,tci03nov19n,tci03nov19n,NA
tci03nov19o.jpg,tci03nov19o,tci03nov19o,NA
tci03nov1a.jpg,tci03nov1a,tci03nov1a,NA
tci03nov1c.jpg,tci03nov1c,tci03nov1c,NA
tci03nov1d.jpg,tci03nov1d,tci03nov1d,NA
tci03nov21a.jpg,tci03nov21a,tci03nov21a,NA
tci03nov21h.jpg,tci03nov21h,tci03nov21h,NA
tci03nov22a.jpg,tci03nov22a,tci03nov22a,NA
tci03nov22c.jpg,tci03nov22c,tci03nov22c,NA
tci03nov22d.jpg,tci03nov22d,tci03nov22d,NA
tci03nov22f.jpg,tci03nov22f,tci03nov22f,NA
tci03nov22i.jpg,tci03nov22i,tci03nov22i,NA
tci03nov22j.jpg,tci03nov22j,tci03nov22j,NA
tci03nov22k.jpg,tci03nov22k,tci03nov22k,NA
tci03nov22n.jpg,tci03nov22n,tci03nov22n,NA
tci03nov23a.jpg,tci03nov23a,tci03nov23a,NA
tci03nov23e.jpg,tci03nov23e,tci03nov23e,NA
tci03nov23f.jpg,tci03nov23f,tci03nov23f,NA
tci03nov23g.jpg,tci03nov23g,tci03nov23g,NA
tci03nov27a.JPG,tci03nov27a,tci03nov27a,NA
tci03nov27b.jpg,tci03nov27b,tci03nov27b,NA
tci03nov27c.jpg,tci03nov27c,tci03nov27c,NA
tci03nov28a.jpg,tci03nov28a,tci03nov28a,NA
tci03nov28c.jpg,tci03nov28c,tci03nov28c,NA
tci03nov28e.jpg,tci03nov28e,tci03nov28e,NA
tci03nov28f.jpg,tci03nov28f,tci03nov28f,NA
tci03nov28g.jpg,tci03nov28g,tci03nov28g,NA
tci03nov2b.jpg,tci03nov2b,tci03nov2b,NA
tci03nov2c.jpg,tci03nov2c,tci03nov2c,NA
tci03oct25b.jpg,tci03oct25b,tci03oct25b,NA
tci03oct25d.jpg,tci03oct25d,tci03oct25d,NA
tci03oct25e.jpg,tci03oct25e,tci03oct25e,NA
tci03oct25k.jpg,tci03oct25k,tci03oct25k,NA
tci03oct25p.jpg,tci03oct25p,tci03oct25p,NA
tci03oct25r.jpg,tci03oct25r,tci03oct25r,NA
tci03oct25s.jpg,tci03oct25s,tci03oct25s,NA
tci03oct25t.jpg,tci03oct25t,tci03oct25t,NA
tci03oct25u.jpg,tci03oct25u,tci03oct25u,NA
tci03oct25w.jpg,tci03oct25w,tci03oct25w,NA
tci03oct26a.jpg,tci03oct26a,tci03oct26a,NA
tci03oct26b.jpg,tci03oct26b,tci03oct26b,NA
tci03oct26c.jpg,tci03oct26c,tci03oct26c,NA
tci03oct26f.jpg,tci03oct26f,tci03oct26f,NA
tci03oct27a.jpg,tci03oct27a,tci03oct27a,NA
tci03oct29a.jpg,tci03oct29a,tci03oct29a,NA
tci03oct30a.jpg,tci03oct30a,tci03oct30a,NA
tci03oct30d.jpg,tci03oct30d,tci03oct30d,NA
tci03oct30f.jpg,tci03oct30f,tci03oct30f,NA
tci03oct31a.jpg,tci03oct31a,tci03oct31a,NA
tco03nov19g.jpg,tco03nov19g,tci03nov19g,NA
Thardwicke1dph22v12v01c20Lf1.jpg,thardwicke1dph22v12v01c20lf1,thardwicke1dph22v12v01c20lf1,NA
Thardwicke1dph22v12v01C20Lf2.jpg,thardwicke1dph22v12v01c20lf2,thardwicke1dph22v12v01c20lf2,NA
Thardwicke1dph22v12v01c20Lf3.jpg,thardwicke1dph22v12v01c20lf3,thardwicke1dph22v12v01c20lf3,NA
Thardwicke1dph22v12v01c20Lf4.jpg,thardwicke1dph22v12v01c20lf4,thardwicke1dph22v12v01c20lf4,NA
Thardwicke1dph22v12v01c20Lf5.jpg,thardwicke1dph22v12v01c20lf5,thardwicke1dph22v12v01c20lf5,NA
Thardwicke2dph23v12v01c20Lf1.jpg,thardwicke2dph23v12v01c20lf1,thardwicke2dph23v12v01c20lf1,NA
Thardwicke2dph23v12v01c20Lf2.jpg,thardwicke2dph23v12v01c20lf2,thardwicke2dph23v12v01c20lf2,NA
Thardwicke2dph23v12v01c20Lf3.jpg,thardwicke2dph23v12v01c20lf3,thardwicke2dph23v12v01c20lf3,NA
Thardwicke2dph23v12v01c20Lf4.jpg,thardwicke2dph23v12v01c20lf4,thardwicke2dph23v12v01c20lf4,NA
Thardwicke2dph23v12v01c20Lf5.jpg,thardwicke2dph23v12v01c20lf5,thardwicke2dph23v12v01c20lf5,NA
NA,NA,JML10/6.8.D,"Leis et al 2015, Fig 1A"
NA,NA,JML10/13.8.25,127-131
NA,NA,JML10/13.8.26,147-148
NA,NA,JML10/13.8.33,145-146
NA,NA,JML10/13.8.34,149-150
NA,NA,JML10/13.8.35,132-133
NA,NA,JML10/13.8.37,134-136
NA,NA,JML10/13.8.38,143-144
NA,NA,JML10/13.8.41,137-140
