fish_id,ucrit,notes
05larv0144,30.09666667,NA
05larv0240,31.56666667,a
05larv0265,42.01031746,a
05larv0280,31.52142857,a
05larv0323,42,NA
tci03nov19d,42.75,NA
tci03nov19e,43.0875,NA
tci03nov19g,44.83125,NA
tci03nov19h,49.89375,NA
tci03nov19i,47.53125,NA
tci03nov19j,48.43125,NA
tci03nov19k,42.4375,NA
tci03nov1a,78.01875,NA
tci03nov21c,44.93125,NA
tci03nov21f,52.85,NA
tci03nov21g,59.45625,NA
tci03nov21h,47.25,NA
tci03nov21i,52.85,NA
tci03nov21j,47.25,NA
tci03nov21k,43.96875,NA
tci03nov22a,47.25,NA
tci03nov22d,57.2625,NA
tci03nov22h,43.25625,NA
tci03nov22j,59.5125,NA
tci03nov22k,48.2625,NA
05larv0026,31.56111111,NA
05larv0027,42,i
05larv0028,42.01349206,NA
05larv0044,31.52460317,NA
05larv0045,31.53968254,NA
05larv0003,43.4162066,ectoparasite
tci03nov19l,51.625,NA
tci03nov21d,52.9375,NA
tci03nov22c,47.75625,NA
tci03nov22f,48.9375,NA
tci03nov22i,45.3375,NA
tci03nov23b,40.5,NA
05larv0057,42.00753968,NA
05larv0077,42.05873016,NA
05larv0078,42.01587302,NA
05larv0145,52.52666667,NA
05larv0218,31.53333333,I
tci03nov19b,47.5875,NA
tci03nov19f,37.74375,NA
tci03nov19n,35.0875,NA
tci03nov21l,46.68125,NA
tci03nov21p,49.875,NA
tci03nov23c,47.325,NA
tci03nov23d,63.50625,NA
tci03nov23h,58.44375,NA
24/11/00j34,55.48125,NA
24/11/00j35,66.825,NA
17/11/01j37,58.945,NA
29/11/00j31,64.14375,NA
05larv0093,1.9,NA
05larv0285,13.53888889,NA
05larv0291,3.238888889,NA
20/12/00j16,8.925,NA
20/12/00j18,11.73375,NA
29/11/01j37,5.465,NA
jml03/31.12.1,9.63,NA
jml03/31.12.2,26.31,NA
jml03/31.12.3,14.8,NA
jml03/31.12.4,21.16,NA
jml03/31.12.5,25.92,NA
jml03/31.12.6,9.63,NA
jml03/1.1.3,17.58,NA
jml03/1.1.4,17.58,NA
12/12/01j20,13.1,NA
jml03/1.1.5,16.38,NA
jml03/1.1.6,13.6,NA
05larv0082,22.59444444,NA
05larv0189,22.56333333,a
05larv0228,22.52111111,NA
05larv0229,22.56555556,I
05larv0029,22.51648148,b
05larv0031,18.20740741,t
05larv0038,13.6462963,NA
05larv0066,22.56666667,NA
05larv0087,22.61666667,NA
05larv0230,22.50666667,NA
05larv0005,15.01316667,t
05larv0134,22.65185185,sample lost
05larv0135,18.48703704,NA
05larv0136,18.57777778,NA
05larv0149,22.61111111,NA
05larv0195,18.85925926,NA
05larv0207,9.111111111,b
05larv0208,9.203703704,t
05larv0209,9,t
05larv0212,18.12777778,b
05larv0234,22.55555556,NA
05larv0238,22.89444444,NA
05larv0022,22.67592593,b
05larv0047,18.17777778,NA
05larv0048,22.57037037,a
05larv0010,19.15059524,i
05larv0020,22.50555556,i
05larv0021,18.17592593,NA
05larv0205,22.53555556,I
05larv0231,15.03888889,NA
05larv0232,22.57444444,NA
05larv0233,30.02,NA
05larv0256,22.61333333,NA
05larv0257,22.60333333,NA
05larv0258,22.57555556,NA
05larv0259,22.50555556,NA
05larv0260,15.2,NA
05larv0261,22.58222222,NA
05larv0270,22.55,NA
05larv0274,22.51111111,NA
05larv0276,22.54444444,NA
05larv0278,22.67333333,NA
05larv0284,22.52222222,I
05larv0036,22.53111111,NA
05larv0046,22.62037037,NA
05larv0061,22.55777778,NA
05larv0007,19.18690476,g
05larv0009,1.023809524,I
05larv0011,5.566666667,i
jml03/17.12.15,23.93,NA
jml03/17.12.18,20.36,NA
jml03/19.12.2,10.03,NA
jml03/19.12.5,39.82,NA
jml03/19.12.8,14.8,NA
12/12/01j14,30.95,NA
14/12/01j34,21.742,NA
17/11/01j24,24.6835,NA
18/11/01j28,32.348,NA
05larv0088,18,NA
05larv0096,NA,NA
05larv0097,18.19259259,NA
05larv0098,22.55,NA
05larv0140,22.56333333,NA
05larv0161,22.54111111,NA
05larv0190,22.56333333,NA
05larv0030,13.66111111,t
05larv0040,22.51111111,gts 22.5
05larv0062,22.5,b
05larv0072,13.60925926,NA
05larv0006,32.61533333,b
05larv0008,23.56133333,b
20/12/00j12,21.65625,NA
jml03/15.12.20,22.73,NA
14/12/00j28,21.7875,NA
15/12/00j6,21.7875,NA
15/12/00j8,16.45875,NA
16/12/01j28,12.037,NA
17/11/01j11,21.398,NA
17/11/01j21,18.966,NA
17/11/01j25,20.961,NA
21/11/00j13,26.355,NA
29/11/01j3,26.2,NA
jml03/15.12.24,31.08,NA
17/11/01j10,26.2,NA
17/11/01j30,24.8955,NA
17/11/01j31,24.551,NA
29/11/00j28,44.95,NA
6/12/01j18,21.848,NA
6/12/01j3,8.507,NA
jml03/18.12.11,21.16,NA
14/12/01j19,22.5635,NA
14/12/01j21,27.3925,NA
17/11/01j20,12.787,NA
17/11/01j42,17.2985,NA
19/11/01j34,13.955,NA
6/12/01j20,18.8005,NA
6/12/01j21,26.5975,NA
6/12/01j28,37.5,NA
6/12/01j30,17.584,NA
6/12/01j38,11.827,NA
jml03/18.12.9,35.06,NA
14/12/01j28,16.283,NA
14/12/01j4,39.509,NA
16/12/01j37,11.772,NA
16/12/01j41,14.0245,NA
17/11/01j40,22.166,NA
19/11/01j29,15,NA
19/12/00j27,21.70875,NA
20/12/00j10,15.75,NA
20/12/00j23,18.82125,NA
20/12/00j4,16.82625,NA
9/12/00j24,21.49875,NA
jml03/20.12.5,16.78,NA
jml03/15.12.18,27.51,NA
jml03/15.12.26,13.21,NA
jml03/15.12.28,14.8,NA
jml03/18.12.7,26.71,NA
jml03/20.12.3,10.02,NA
jml03/20.12.6,29.09,NA
15/12/00j18,21,NA
15/12/00j4,24.75375,NA
19/12/00j25,5.85375,NA
10/12/01j33,15,NA
10/12/01j6,15.893,NA
12/12/01j31,22.5,NA
12/12/01j41,14.05,NA
12/12/01j9,19.251,NA
14/12/01j12,21,NA
20/12/01j16,22.431,NA
21/12/01j25,28.537,NA
21/12/01j5,29.202,NA
19/12/00j11,10.89375,NA
20/12/00j14,13.125,NA
29/11/01j29,16.548,NA
19/11/01j42,12.055,NA
20/12/01j15,34.256,NA
22/12/00j18,20.79,NA
29/11/01j25,9.1485,NA
29/11/01j30,32.242,NA
14/12/00j23,24.15,NA
15/12/00j9,32.8125,NA
11/12/01j39,41.724,NA
17/11/01j39,42.9845,NA
27/12/01j4,18.985,NA
28/11/01j20,16.23,NA
29/11/01j7,21.53,NA
6/12/01j15,16.76,NA
6/12/01j34,8.583,NA
6/12/01j36,15.8,NA
12/12/01j10,8.526,NA
19/11/01j20,11.3,NA
tci03nov22n,14.4375,NA
tci03nov2a,25.15625,NA
tci03oct31a,31.0625,NA
05larv0296,13.56851852,NA
05larv0297,13.69814815,NA
05larv0298,13.59074074,NA
05larv0299,9.166666667,NA
24/11/00j31,51.48,NA
19/12/01j18,2.703,NA
19/12/01j25,10.5,NA
21/11/00j9,0.315,NA
16/12/01j33,11.083,NA
16/12/01j39,2.7295,NA
05larv0075,6.144444444,b
20/11/01j28,41.3,NA
14/11/01j6,14.86,NA
19/11/01j25,45,NA
19/11/01j39,37.5,NA
05larv0282,22.55222222,NA
05larv0037,30.03777778,NA
05larv0293,22.57592593,NA
05larv0317,22.50222222,b
05larv0318,15.03555556,NA
05larv0325,13.52777778,b
05larv0330,18.04074074,t
22/11/00j30,50.325,NA
3/01/01j6,74,NA
17/11/01j23,59.111,NA
26/11/00j30,84.43875,NA
26/12/00j16,66,NA
26/12/00j19,66,NA
26/12/00j24,92.68875,NA
26/12/00j26,78.4575,NA
26/12/00j9,70.125,NA
jml03/21.12.1,62.47,max
jml03/22.12.4,53.32,NA
jml03/30.12.5,46.57,NA
jml03/30.12.7,43.79,NA
23/11/01j38,26.6505,NA
6/12/01j32,52.638,NA
10/12/01j11,45.6,NA
05larv0106,30.03666667,NA
05larv0107,30.03333333,NA
05larv0108,30.09555556,b
05larv0109,30.06333333,NA
05larv0110,30.02666667,NA
05larv0111,30.03111111,NA
05larv0112,30.05,NA
05larv0113,30.07333333,NA
05larv0114,37.53222222,NA
05larv0117,31.57592593,NA
05larv0130,37.51666667,a
05larv0198,30.12777778,NA
05larv0199,30.12111111,a
05larv0200,37.52777778,NA
05larv0201,30.11222222,NA
05larv0202,30.10222222,a
05larv0203,37.54888889,NA
05larv0219,30.04444444,a
05larv0220,30.03111111,a
05larv0221,30.02777778,a
05larv0222,30.04888889,NA
05larv0223,30.04888889,a
05larv0224,30.04,a
05larv0242,30.04,a
05larv0243,30.00888889,a
05larv0253,30.77,NA
05larv0254,30.05666667,NA
05larv0255,30.03333333,NA
05larv0262,30.7,NA
05larv0263,30.09555556,NA
05larv0264,37.53777778,NA
05larv0275,30.07555556,NA
05larv0277,30.13777778,NA
05larv0279,30.17555556,NA
05larv0283,22.56111111,NA
15/12/00j30,9.9,NA
jml03/19.12.3,62.47,max
jml03/19.12.6,62.47,max
jml03/22.12.1,62.47,max
jml03/30.12.1,48.16,NA
jml03/30.12.13,42.6,NA
jml03/30.12.15,61.27,NA
jml03/30.12.17,62.47,max
jml03/30.12.23,49.76,NA
jml03/30.12.3,50.55,NA
jml03/30.12.9,62.47,max
27/11/01j12,28.428,NA
jml03/17.12.1,34.66,NA
jml03/17.12.3,48.17,NA
jml03/21.12.5,35.03,NA
jml03/21.12.6,42.19,NA
jml03/22.12.9,46.58,NA
jml03/30.12.11,56.9,NA
jml03/30.12.19,46.97,NA
jml03/30.12.21,51.74,NA
jml03/30.12.24,62.47,max
jml03/19.12.9,62.47,max
18/11/01j14,41.449,NA
05larv0160,15,NA
05larv0013,6.666666667,t
tci03nov19m,31.28125,NA
tci03nov19o,29.26875,NA
tci03nov1b,41.175,NA
tci03nov1c,39.76875,NA
tci03nov1d,35.15625,NA
tci03nov2b,23.4375,NA
tci03nov2c,26.875,NA
05larv0150,27.1537037,NA
05larv0151,27.13888889,NA
05larv0152,27.11111111,NA
05larv0153,27.06296296,NA
05larv0154,27.07592593,NA
05larv0196,27.05740741,NA
05larv0197,27.13888889,NA
05larv0216,18.37962963,NA
05larv0217,18.43518519,NA
05larv0235,27.03148148,NA
05larv0239,22.92592593,NA
05larv0271,22.58148148,NA
05larv0272,22.68703704,NA
05larv0273,27,NA
05larv0054,27.0037037,t
05larv0055,27.00925926,t
05larv0056,27.09259259,t
05larv0225,40.55,NA
05larv0324,27.14259259,a
2/01/01j19,100.815,NA
05larv0105,63.01428571,NA
05larv0156,90.5952381,outswam chamber gts 63
tci03nov22b,64.85625,NA
tci03nov22e,65.75625,NA
tci03nov22g,74.25,NA
tci03nov22l,66.9375,NA
tci03nov23e,66.6,NA
tci03nov23f,72.39375,NA
tci03nov23g,70.93125,NA
tci03nov23i,68.625,NA
tci03nov26a,81,NA
tci03nov27a,77.68125,NA
tci03nov27b,67.275,NA
tci03nov27c,74.25,NA
tci03nov28a,81,NA
tci03nov28b,79.03125,NA
tci03nov28c,73.6875,NA
tci03nov28d,78.80625,NA
tci03nov28e,54.675,NA
tci03nov28f,70.14375,NA
tci03nov28g,69.58125,NA
tci03oct25i,80.24375,max
tci03oct29a,80.55,NA
tci03nov21a,83.9,max
tci03oct25a,83.9,max
tci03oct25b,83.9,max
tci03oct25c,80.15625,NA
05larv0331,27.09444444,NA
05larv0332,27.1037037,NA
05larv0333,27.11111111,NA
05larv0334,27.16111111,NA
05larv0335,31.50555556,NA
05larv0336,27.17037037,NA
20/11/01j18,27.107,NA
20/11/01j20,47.342,NA
20/12/01j27,34.909,NA
20/12/01j30,43.607,NA
21/11/00j15,37.40625,NA
22/12/01j38,79.7195,NA
23/11/01j39,33.913,NA
29/11/01j31,32.3745,NA
29/11/01j39,26.942,NA
jml03/18.12.4,41.8,NA
jml03/29.12.1,31.08,NA
23/12/01j25,34.8675,NA
24/11/00j11,25.20375,NA
24/11/00j23,25.48125,NA
24/11/00j24,58.245,NA
24/11/00j27,51.35625,NA
24/11/00j9,50.11875,NA
28/11/01j16,15.753,NA
29/11/00j22,33.0825,NA
jml03/17.12.11,40.61,NA
jml03/18.12.2,62.47,max
jml03/20.12.4,62.47,max
jml03/21.12.2,62.47,max
jml03/21.12.4,34.23,NA
jml03/22.12.6,48.16,NA
jml03/22.12.8,62.47,max
05larv0127,37.51666667,NA
tci03nov19a,41.7375,NA
tci03oct25d,39.76875,NA
tci03oct25e,41.2875,NA
tci03oct25f,37.85625,NA
05larv0080,30.06,NA
05larv0081,37.57222222,NA
05larv0123,30.05555556,NA
05larv0124,30.04777778,NA
05larv0141,30.11888889,NA
05larv0155,37.59222222,NA
05larv0269,31.53518519,b
05larv0288,33.0537037,NA
05larv0305,37.53777778,NA
05larv0306,30.10111111,NA
05larv0307,30.10555556,NA
05larv0308,30.1,NA
05larv0309,30.05,NA
05larv0310,30.03,NA
05larv0319,30.03333333,NA
tci03nov15d,40.3875,NA
tci03nov21m,43.79375,NA
19/12/01j42,58.862,NA
20/12/01j23,64.257,NA
20/12/01j37,42.4035,NA
23/12/01j38,35.1995,NA
23/12/01j4,42.5695,NA
23/12/01j42,51.077,NA
24/12/01j29,67.0375,NA
24/12/01j34,54.895,NA
tci03oct25k,45.28125,NA
19/12/01j31,59.858,NA
22/12/01j19,68.324,NA
23/12/01j14,45.35,NA
23/12/01j27,53.8575,NA
24/12/01j10,45.6405,NA
24/12/01j20,66,NA
26/12/01j33,27.646,NA
05larv0079,37.50533333,NA
05larv0125,30.07666667,NA
05larv0126,37.58,NA
05larv0128,30.12555556,NA
05larv0204,45.06,a
05larv0206,37.6,NA
05larv0320,27.21111111,NA
05larv0086,33.62592593,NA
05larv0121,30.07888889,NA
05larv0122,22.62444444,b
05larv0129,30.10222222,NA
05larv0268,31.5,I
tci03nov23a,42.01875,NA
tci03oct25j,42.58125,NA
05larv0060,30.03111111,b
05larv0162,NA,did not swim
jml03/13.12.15,15.99,NA
12/12/01j12,4.648,NA
12/12/01j15,22.31,NA
12/12/01j16,18.35,NA
12/12/01j3,22.325,NA
12/12/01j37,24.8,NA
12/12/01j39,23.65,NA
12/12/01j40,24.8,NA
16/12/01j10,27.2335,NA
16/12/01j14,24.021,NA
16/12/01j3,22.007,NA
24/11/00j25,51.76875,NA
26/11/00j25,79.37375,NA
12/12/01j29,25.53,NA
12/12/01j30,22.144,NA
16/11/01j16,24.8,NA
16/11/01j19,18.1185,NA
16/11/01j20,24.8,NA
24/12/01j6,29.929,NA
05larv0063,12.36111111,NA
05larv0064,16.57777778,NA
05larv0018,12.33333333,b
05larv0101,22.56111111,NA
05larv0142,NA,did not swim rpoperly
05larv0188,30.02222222,a
05larv0042,13.52777778,t
05larv0017,11.12777778,NA
jml03/1.1.2,31.08,NA
05larv0099,30.07,NA
tci03oct26f,31.3125,caught oct25
05larv0004,42.51688889,NA
20/12/00j2,47.025,NA
23/12/01j16,39.875,NA
23/12/01j21,15.627,NA
23/12/01j39,22.88,NA
24/12/01j36,24.8,NA
6/12/01j40,42.064,NA
jml03/13.12.14,32.67,NA
jml03/14.12.1,30.68,NA
jml03/15.12.19,33.47,NA
jml03/17.12.10,31.08,NA
jml03/17.12.8,42.6,NA
jml03/24.12.14,36.65,NA
jml03/24.12.16,38.62,NA
jml03/24.12.18,42.6,NA
jml03/24.12.20,44.59,NA
15/12/01j22,29.088,NA
15/12/01j39,31.064,NA
15/12/01j42,26.865,NA
18/11/01j40,27.1805,NA
28/11/00j18,60.01875,NA
22/11/01j7,33.332,NA
10/12/01j21,23.872,NA
16/11/01j15,34.2865,NA
24/11/01j24,5.8625,NA
27/12/00j20,42.8925,NA
05larv0043,0.427777778,t
05larv0058,0.3,t
05larv0059,0.166666667,NA
05larv0244,16.87222222,NA
05larv0245,16.58333333,NA
05larv0247,18.01111111,NA
05larv0266,13.71851852,I
05larv0267,18.03703704,i
05larv0286,13.63888889,NA
05larv0302,13.51851852,NA
05larv0303,9.044444444,b
05larv0304,9.02962963,NA
05larv0311,13.5,NA
05larv0312,13.5,NA
05larv0313,13.5,b
05larv0287,13.52592593,NA
05larv0241,37.52222222,a
05larv0281,21.07857143,NA
jml03/1.1.1,27.51,NA
20/12/01j25,24.551,NA
20/12/01j41,21.1325,NA
20/12/01j5,21.6625,NA
23/12/01j19,24.533,NA
23/12/01j31,26.903,NA
26/12/01j40,5.6,NA
jml03/24.12.13,25.12,NA
jml03/24.12.15,21.16,NA
jml03/24.12.17,36.65,NA
jml03/24.12.19,36.65,NA
jml03/24.12.21,44.59,NA
jml03/24.12.22,34.26,NA
19/11/01j9,34.688,NA
21/12/01j15,14.9605,NA
21/12/01j16,18,NA
21/12/01j26,12.6375,NA
21/12/01j27,0.2415,NA
21/12/01j31,35.8325,NA
27/12/01j21,26.08,NA
27/12/01j40,1.495,NA
28/12/01j20,5.949,NA
05larv0083,30.01777778,NA
05larv0227,31.59074074,I
05larv0322,27.12407407,NA
05larv0326,27.04074074,b
05larv0067,22.53333333,NA
22/12/00j30,29.37,NA
22/12/01j21,45.9725,NA
23/11/00j10,66.80625,NA
23/11/00j24,71.53125,NA
14/12/01j25,39.6945,NA
14/12/01j6,26.6505,NA
16/11/01j14,35.3655,NA
17/11/01j41,29.2235,NA
18/12/01j33,63.9805,NA
18/12/01j36,72.975,NA
27/11/01j5,28.19,NA
20/12/00j9,21.84,NA
31/12/00j24,27.5625,NA
9/12/00j25,34.3575,NA
jml03/15.12.1,41.41,NA
jml03/15.12.10,42.6,NA
jml03/15.12.12,36.25,NA
jml03/15.12.4,40.21,NA
jml03/15.12.6,39.02,NA
jml03/15.12.8,35.85,NA
24/11/00j5,61.59125,NA
28/11/00j11,22.95,NA
28/11/00j27,23.78125,NA
21/11/00j12,24.9875,NA
21/11/00j14,23.1875,NA
21/11/00j16,16.925,NA
21/12/00j23,21.4725,NA
jml03/11.12.3,21.15,NA
jml03/11.12.4,27.5,NA
jml03/11.12.5,27.5,NA
jml03/11.12.6,25.91,NA
jml03/11.12.7,23.53,NA
jml03/11.12.8,22.73,NA
jml03/11.12.9,24.72,NA
26/11/00j15,44.38125,NA
28/11/00j22,20.8875,NA
jml03/11.12.1,25.12,NA
jml03/11.12.11,27.9,NA
jml03/11.12.12,25.12,NA
jml03/11.12.2,28.7,NA
20/12/01j10,21.8215,NA
6/12/01j10,26.73,NA
6/12/01j29,23.915,NA
6/12/01j41,23.65,NA
15/12/01j10,27.093,NA
15/12/01j3,24.4,NA
15/12/01j30,21.189,NA
16/12/01j30,24.498,NA
17/12/01j28,19.7365,NA
18/12/01j22,27.1275,NA
jml03/14.12.18,25.52,NA
jml03/14.12.20,13.2,NA
jml03/15.12.11,11.62,NA
jml03/15.12.2,25.12,NA
jml03/15.12.21,42.2,NA
jml03/15.12.25,33.47,NA
jml03/15.12.3,28.7,NA
jml03/15.12.5,34.66,NA
jml03/15.12.7,42.6,NA
jml03/15.12.9,23.93,NA
26/12/00j5,27.58875,NA
27/12/00j17,33.0225,NA
12/11/01j21,33.8,NA
14/11/01j7,30.988,NA
21/11/00j10,19.5,NA
4/12/01j22,22.785,NA
6/12/01j12,26.6505,NA
28/11/00j24,18.975,NA
28/11/00j26,17.53125,NA
20/11/01j15,58.6545,NA
21/11/00j18,25.9375,NA
22/11/00j7,28.2675,NA
24/11/01j40,34.9505,NA
26/11/00j14,44.17875,NA
26/11/00j7,54.03375,NA
16/11/01j18,26.2,NA
16/11/01j31,27.26,NA
17/11/01j27,16.5215,NA
17/11/01j29,21.901,NA
17/11/01j32,22.4575,NA
17/11/01j38,20.809,NA
18/11/01j11,19.675,NA
05larv0157,31.61851852,NA
jml03/12.12.19,37.84,NA
jml03/12.12.20,39.02,NA
jml03/12.12.21,36.65,NA
jml03/12.12.22,36.65,NA
jml03/12.12.24,31.88,NA
jml03/13.12.1,31.88,NA
jml03/13.12.2,37.84,NA
jml03/13.12.3,35.46,NA
jml03/13.12.4,33.47,NA
jml03/13.12.5,34.66,NA
jml03/13.12.6,33.47,NA
21/11/01j26,34.15,NA
6/12/01j37,43.9,NA
jml03/12.12.23,31.88,NA
jml03/13.12.12,34.25,NA
jml03/14.12.14,38.24,NA
jml03/14.12.2,33.87,NA
jml03/14.12.4,38.24,NA
jml03/14.12.6,30.68,NA
jml03/14.12.7,33.87,NA
jml03/14.12.8,33.87,NA
jml03/17.12.16,44.19,NA
jml03/17.12.19,44.19,NA
jml03/17.12.21,45.38,NA
11/12/01j46,45.77,NA
18/11/01j35,35.422,NA
jml03/19.12.13,38.24,NA
1/01/01j8,24.6375,NA
20/12/00j5,26.48625,NA
jml03/12.12.10,39.82,NA
jml03/12.12.11,27.5,NA
jml03/12.12.12,21.95,NA
jml03/12.12.7,31.88,NA
jml03/12.12.8,30.68,NA
jml03/12.12.9,30.68,NA
24/11/00j18,68.61375,NA
24/11/00j7,34.695,NA
26/11/00j20,54.54,NA
20/11/01j24,33.9545,NA
21/11/01j20,34.2825,NA
21/11/01j9,34.733,NA
jml03/15.12.27,37.44,NA
jml03/15.12.29,33.47,NA
jml03/17.12.17,37.44,NA
jml03/17.12.22,44.19,NA
jml03/17.12.24,45.38,NA
17/12/01j21,39.4825,NA
23/12/00j7,27,NA
4/01/01j27,54.675,NA
14/11/01j9,19.498,NA
jml03/14.12.10,35.45,NA
jml03/14.12.12,42.2,NA
jml03/15.12.23,37.44,NA
jml03/17.12.12,42.6,NA
jml03/17.12.5,43.39,NA
jml03/20.12.2,62.47,max
20/11/01j42,41.3675,NA
21/11/00j3,26.32875,NA
21/11/01j15,35.316,NA
22/11/01j40,50.081,NA
31/12/00j7,37.14375,NA
jml03/13.12.10,34.26,NA
jml03/13.12.11,35.85,NA
jml03/13.12.13,39.82,NA
jml03/14.12.16,45.38,NA
jml03/14.12.19,34.66,NA
jml03/17.12.23,44.19,NA
18/11/01j42,32.5865,NA
24/11/00j3,87.98625,NA
26/11/00j28,44.8875,NA
26/11/00j6,62.505,NA
jml03/11.12.13,29.09,NA
jml03/11.12.15,32.27,NA
jml03/11.12.17,35.45,NA
21/12/00j16,27.675,NA
21/12/00j19,26.88,NA
21/12/00j25,21.2625,NA
21/12/00j9,27.50625,NA
22/12/00j24,18.10875,NA
jml03/16.12.10,41.41,NA
jml03/16.12.12,22.73,NA
jml03/16.12.4,21.95,NA
jml03/16.12.6,40.22,NA
jml03/16.12.8,44.19,NA
14/12/01j20,48.101,NA
14/12/01j26,47.995,NA
26/11/00j17,59.0625,NA
26/11/00j18,50.6925,NA
21/11/00j19,32.99625,NA
21/11/00j20,31.5525,NA
21/11/00j21,59.375,NA
22/11/00j9,69.125,NA
jml03/14.12.11,42.2,NA
jml03/14.12.13,38.62,NA
jml03/14.12.15,38.24,NA
jml03/14.12.17,25.52,NA
jml03/14.12.9,31.08,NA
24/11/00j12,83.61375,NA
24/11/00j21,71.48625,NA
24/11/00j22,70.125,NA
29/11/00j23,43.60125,NA
29/11/00j24,50.20125,NA
19/12/01j30,79.927,NA
19/12/01j6,45.8065,NA
jml03/19.12.11,55.31,NA
jml03/30.12.10,48.56,NA
jml03/30.12.12,42.6,NA
jml03/30.12.18,62.47,max
jml03/30.12.2,43.39,NA
jml03/30.12.20,46.97,NA
jml03/30.12.22,46.18,NA
jml03/30.12.4,41.8,NA
24/11/00j36,88.0275,NA
24/12/01j12,51.658,NA
26/11/00j4,44.28,NA
29/11/00j25,58.4925,NA
29/11/00j26,58.86375,NA
29/11/00j30,63.73125,NA
jml03/16.12.1,43.4,NA
jml03/16.12.11,42.6,NA
jml03/16.12.3,52.54,NA
jml03/16.12.5,45.38,NA
jml03/16.12.7,45.78,NA
jml03/16.12.9,46.97,NA
jml03/17.12.20,62.47,max
jml03/17.12.25,62.47,max
05larv0073,27.09074074,NA
05larv0074,31.52592593,b
05larv0102,22.62962963,b
05larv0103,27.10925926,b
05larv0104,31.51851852,NA
05larv0131,31.58333333,NA
05larv0132,31.53148148,NA
05larv0133,31.77777778,NA
05larv0191,31.54074074,NA
05larv0192,31.52407407,NA
05larv0193,36.02037037,NA
05larv0194,31.67037037,NA
05larv0213,31.54814815,NA
05larv0214,31.63518519,NA
05larv0215,31.52592593,NA
tci03nov15b,47.25,NA
tci03nov22o,32.9875,NA
tci03oct25o,38.03125,NA
tci03oct25p,36.15625,NA
tci03oct25u,38.40625,NA
tci03oct25w,39.40625,NA
05larv0032,22.62037037,t
05larv0033,27.04444444,b
05larv0034,31.50185185,b
05larv0049,27.16111111,b
05larv0050,27.03518519,NA
05larv0051,27.17407407,NA
05larv0068,30.01,b
05larv0016,22.55685185,NA
05larv0019,30.08055556,t
05larv0321,31.52407407,NA
05larv0158,31.5462963,b
05larv0159,31.52777778,NA
tci03nov21o,37.5375,NA
tci03oct27a,43.575,NA
tci03oct30a,32.85625,NA
tci03oct30b,54.73125,NA
tci03oct30d,16.66875,NA
tci03oct30e,43.925,NA
tci03oct30f,38.7625,NA
tci03oct30g,32.59375,NA
05larv0115,31.55925926,NA
05larv0116,31.56851852,NA
05larv0137,27.02777778,b
05larv0138,27,b
05larv0139,31.60185185,b
05larv0164,36.13518519,NA
05larv0165,36.07962963,NA
05larv0166,36.02592593,NA
05larv0167,31.65185185,NA
05larv0168,31.61666667,NA
05larv0169,31.53703704,NA
05larv0170,30.07222222,NA
05larv0171,30.02888889,NA
05larv0172,30.04555556,NA
05larv0173,31.51851852,NA
05larv0174,31.56111111,NA
05larv0175,31.52592593,NA
05larv0176,31.68518519,NA
05larv0177,31.69814815,NA
05larv0178,36.00925926,NA
05larv0179,33.00740741,b
05larv0180,40.5,NA
05larv0181,33.03888889,NA
05larv0182,31.91666667,NA
05larv0183,36.06851852,NA
05larv0184,31.52592593,NA
05larv0185,36.17037037,NA
05larv0186,36.1037037,NA
05larv0187,36.22222222,NA
05larv0236,31.52592593,NA
05larv0237,36.08333333,NA
tci03nov15c,34.48125,NA
tci03nov21n,42.30625,NA
tci03oct25l,42.3125,NA
tci03oct25m,42.25,NA
tci03oct25n,42.1875,NA
tci03oct25r,49.34375,NA
tci03oct25s,37.5,NA
tci03oct25t,39.8125,NA
tci03oct26a,37.21875,NA
tci03oct26b,63.3125,NA
tci03oct26c,41.96875,NA
tci03oct30c,38.0625,NA
05larv0023,31.55,NA
05larv0024,27.12037037,NA
05larv0025,31.56851852,NA
05larv0002,45.26601093,NA
tci03oct25q,39.03125,NA
tci03oct25v,35.65625,NA
tci03oct26d,50.84375,caught oct25
tci03oct26e,35.1875,caught oct25
16/12/01j27,26.3,NA
16/12/01j34,31.5,NA
17/12/01j16,24.5245,NA
17/12/01j18,21.3,NA
17/12/01j24,36.8,NA
17/12/01j25,42,NA
17/12/01j4,21.636,NA
17/12/01j42,31.5,NA
17/12/01j5,31.6325,NA
16/12/01j29,26.3,NA
16/12/01j9,21,NA
17/12/01j32,26.3,NA
17/12/01j38,31.5,NA
28/11/00j21,8.1675,NA
05larv0094,NA,NA
05larv0226,9.096296296,NA
05larv0294,13.57777778,NA
05larv0295,13.5962963,NA
05larv0014,18.21481481,g
05larv0015,9.044444444,no tail
jml03/14.12.5,43.39,NA
jml03/17.12.2,41.81,NA
jml03/17.12.4,34.65,NA
jml03/17.12.6,40.22,NA
jml03/19.12.1,21.16,NA
jml03/19.12.10,13.21,NA
jml03/19.12.12,39.82,NA
jml03/19.12.14,13.21,NA
jml03/19.12.4,43.4,NA
jml03/19.12.7,32.28,NA
10/12/01j28,27.264,NA
16/12/01j15,45.8065,NA
17/12/01j19,87.065,NA
17/12/01j3,75.4865,NA
24/11/00j15,76.3125,NA
24/11/00j17,34.2375,NA
24/11/00j29,83.44875,NA
6/12/01j31,21.4505,NA
jml03/19.12.15,38.24,NA
21/12/00j15,15.3225,NA
22/12/00j40,10.68375,NA
23/11/01j3,28.933,NA
23/11/01j35,25.4055,NA
6/12/01j39,4.658,NA
9/12/00j30,13.1625,NA
jml03/12.12.1,11.62,NA
jml03/12.12.2,7.19,NA
jml03/12.12.3,25.92,NA
jml03/12.12.4,5.99,NA
jml03/12.12.5,7.1,NA
jml03/12.12.6,7.1,NA
26/12/00j23,10.5,NA
jml03/11.12.14,8.43,NA
jml03/11.12.16,12.81,NA
jml03/11.12.18,8.03,NA
05larv0100,15.1,NA
05larv0147,13.6462963,NA
05larv0148,18,NA
05larv0249,18.13148148,I
05larv0301,18.13518519,NA
05larv0035,15.04555556,b
05larv0052,18.21296296,NA
05larv0053,18.22222222,NA
05larv0069,22.56111111,b
05larv0070,22.51851852,NA
05larv0071,22.64074074,NA
05larv0250,0.166666667,NA
05larv0251,6.211111111,NA
05larv0252,0.344444444,NA
05larv0292,7.5,NA
05larv0327,4.577777778,b
05larv0328,4.833333333,t
05larv0329,4.594444444,t
1/01/01j9,28.0125,NA
11/12/01j38,41.758,NA
14/11/01j5,28.933,NA
16/12/00j27,1.52625,NA
24/11/00j30,68.32,NA
29/11/00j29,39.105,NA
05larv0090,13.7037037,NA
05larv0091,NA,NA
05larv0289,18.13888889,NA
05larv0290,25.55,NA
05larv0300,22.62037037,NA
05larv0163,11.11111111,NA
05larv0246,27.55555556,b
05larv0314,13.50740741,NA
05larv0315,18.05555556,NA
05larv0316,18.0462963,t
05larv0092,22.53148148,NA
05larv0118,18.17777778,NA
05larv0119,18.20740741,NA
05larv0120,22.62407407,NA
26/12/00j11,72.47625,NA
26/12/00j12,61.91625,NA
26/12/00j15,66.2475,NA
26/12/00j28,32.4975,NA
26/12/00j6,47.31375,NA
26/12/00j8,25.8225,NA
03larv0065,14.3,NA
03larv0045,55.22375,NA
03larv0034,55.215,NA
05larv0084,27.01851852,NA
05larv0085,27,NA
05larv0089,31.5037037,NA
03larv0008,38.1935,NA
03larv0009,21.9375,NA
03larv0017,38.435,NA
03larv0018,47.9225,NA
03larv0019,36.3775,NA
03larv0052,38.135,NA
03larv0067,37.2125,NA
04larv0008,26.02761111,NA
04larv0012,23.28238889,NA
04larv0013,26.04202778,NA
04larv0014,29.01725,NA
04larv0018,41.05119444,NA
03larv0048,62.6,NA
03larv0011,11.285,NA
04larv0009,23.23719444,NA
04larv0010,35.03030556,NA
04larv0017,50.15730556,NA
04larv0005,25.07295,NA
03larv0021,14.8075,NA
03larv0022,8.2525,NA
04larv0002,23.06270833,NA
03larv0058,23.18125,NA
03larv0060,5.63125,NA
03larv0046,40.74875,NA
04larv0006,14.12202778,NA
04larv0015,20.29980556,NA
03larv0035,38.579,NA
03larv0036,33.431,NA
03larv0013,62.6,NA
03larv0023,37.925,NA
03larv0024,44.867,NA
03larv0025,34.706,NA
03larv0030,41.648,NA
03larv0031,59.693,NA
03larv0038,44.6275,NA
03larv0039,55.403,NA
03larv0040,55.445,NA
03larv0041,56.288,NA
03larv0042,62.6,NA
03larv0043,62.6,NA
03larv0050,47.297,NA
03larv0051,44.603,NA
04larv0004,46.75613426,NA
03larv0012,5.352,NA
03larv0032,46.775,NA
03larv0033,50.885,NA
03larv0044,44.725,NA
04larv0001,20.03358333,NA
03larv0001,20.02,NA
03larv0002,26.67733333,NA
03larv0003,53.03066667,NA
03larv0004,50.98466667,NA
03larv0005,36.82666667,NA
03larv0006,37.58,NA
03larv0014,38.76,NA
03larv0015,20.704,NA
03larv0016,18.87125,NA
03larv0020,59.516,NA
03larv0055,53.08333333,NA
03larv0056,35.60333333,NA
03larv0057,21.14,NA
03larv0061,17.71333333,NA
03larv0062,17.42666667,NA
03larv0063,15.11333333,NA
03larv0064,17.72333333,NA
03larv0029,6,NA
03larv0007,14.6275,NA
05larv0210,10.5,NA
05larv0211,13.5,NA
03larv0047,40.301,NA
03larv0049,33.6965,NA
04larv0003,29.35638889,NA
04larv0007,59.73089286,NA
05larv0248,13.60185185,NA
Stobutkzi_1,10.066666666666666,1.2669999999999999; 15
Stobutkzi_2,15.05,1.67E-2; 20
Stobutkzi_3,60.01538461538462,4.45; 65
Stobutkzi_4,25,CNF; >25
Stobutkzi_5,25,CNF; >25
Stobutkzi_6,15.05,2.04; 20
Stobutkzi_7,11.0625,1.67E-2; 16
Stobutkzi_8,11.0625,0.46700000000000003; 16
Stobutkzi_9,15.05,1; 20
Stobutkzi_10,9.071428571428571,1.333; 14
Stobutkzi_11,20.04,3.5329999999999999; 25
Stobutkzi_12,20.04,2; 25
Stobutkzi_13,10.066666666666666,1.833; 15
Stobutkzi_14,25,CNF  .; >25
Stobutkzi_15,57.016129032258064,0.8; 62
Stobutkzi_16,37.023809523809526,1.75; 42
Stobutkzi_17,21.03846153846154,4.883; 26
Stobutkzi_18,20.04,0.88300000000000001; 25
Stobutkzi_19,45.02,2.8330000000000002; 50
Stobutkzi_20,15.05,4.883; 20
Stobutkzi_21,65.01428571428572,8.5500000000000007E-2; 70
Stobutkzi_22,55.016666666666666,0.38300000000000001; 60
Stobutkzi_23,70,CNT; >70
Stobutkzi_24,70,CNT; >70
Stobutkzi_25,25,CNT; >25
Stobutkzi_26,25,CNT; >25
Stobutkzi_27,40.022222222222226,1.4; 45
Stobutkzi_28,30.02857142857143,0.217; 35
Stobutkzi_29,25.033333333333335,0.23300000000000001; 30
Stobutkzi_30,45.02,0.66700000000000004; 50
Stobutkzi_31,20.04,5.67E-2; 25
Stobutkzi_32,45.02,4.6669999999999998; 50
Stobutkzi_33,60.01538461538462,1; 65
Stobutkzi_34,60.01538461538462,1.667; 65
Stobutkzi_35,55.016666666666666,1.333; 60
Stobutkzi_36,55.016666666666666,1.667; 60
Stobutkzi_37,70,CNT; >70
Stobutkzi_38,NA,0; 70
Stobutkzi_39,65.01428571428572,2.5; 70
Stobutkzi_40,55.016666666666666,1.333; 60
Stobutkzi_41,65.01428571428572,3.5; 70
Stobutkzi_42,70,CNT; >70
Stobutkzi_43,60.01538461538462,4.8330000000000002; 65
Stobutkzi_44,55.016666666666666,0.33300000000000002; 60
Stobutkzi_45,55.016666666666666,2.5; 60
Stobutkzi_46,60.01538461538462,3; 65
Stobutkzi_47,65.01428571428572,4.4169999999999998; 70
Stobutkzi_48,65.01428571428572,1; 70
Stobutkzi_49,70,CNT; >70
Stobutkzi_50,70,CNT; >70
Stobutkzi_51,60.01538461538462,3.1669999999999998; 65
Stobutkzi_52,70,CNT; >70
Stobutkzi_53,65.01428571428572,3; 70
Stobutkzi_54,65.01428571428572,1; 70
Stobutkzi_55,60.01538461538462,2.75; 65
Stobutkzi_56,70,CNT; >70
Stobutkzi_57,70,CNT; >70
Stobutkzi_58,70,CNT; >70
Stobutkzi_59,70,CNT; >70
Stobutkzi_60,70,CNT; >70
Stobutkzi_61,25.033333333333335,3.15; 30
Stobutkzi_62,40.022222222222226,1.8; 45
Stobutkzi_63,55.016666666666666,0.56000000000000005; 60
Stobutkzi_64,30.02857142857143,4; 35
Stobutkzi_65,27.03125,0.61660000000000004; 32
Stobutkzi_66,45.02,2.2799999999999998; 50
Stobutkzi_67,50.018181818181816,0.66700000000000004; 55
Stobutkzi_68,70,CNT; >70
Stobutkzi_69,30.02857142857143,4.6399999999999997; 35
Stobutkzi_70,25.033333333333335,1.55; 30
Stobutkzi_71,50.018181818181816,0.83; 55
Stobutkzi_72,60.01538461538462,3.2; 65
Stobutkzi_73,15.05,3.17; 20
Stobutkzi_74,30.02857142857143,2.5; 35
Stobutkzi_75,70,CNT; >70
Stobutkzi_76,30.02857142857143,0.67; 35
Stobutkzi_77,40.022222222222226,1; 45
Stobutkzi_78,NA,3.23; 60/
Stobutkzi_79,25.033333333333335,4.43; 30
Stobutkzi_80,35.025,2.2000000000000002; 40
Stobutkzi_81,60.01538461538462,1.48; 65
Stobutkzi_82,15.05,0.13; 20
Stobutkzi_83,35.025,1.17; 40
Stobutkzi_84,25.033333333333335,0.12; 30
Stobutkzi_85,25.033333333333335,4.37; 30
Stobutkzi_86,30.02857142857143,0.72; 35
Stobutkzi_87,45.02,0.02; 50
Stobutkzi_88,30.02857142857143,3.17; 35
Stobutkzi_89,55.016666666666666,4.8; 60
Stobutkzi_90,45.02,1.5; 50
Stobutkzi_91,40.022222222222226,3.23; 45
Stobutkzi_92,70,CNT; >70
Stobutkzi_93,45.02,3.3; 50
Stobutkzi_94,70,CNT; >70
Stobutkzi_95,70,CNT; >70
Stobutkzi_96,55.016666666666666,0.93; 60
Stobutkzi_97,NA,Would not swim; NA
Stobutkzi_98,NA,CNT; >25       I
Stobutkzi_99,NA,CNT; >25       \
Stobutkzi_100,15.05,0.5; 20
Stobutkzi_101,21.03846153846154,4.45; 26
Stobutkzi_102,45.02,2.6; 50
Stobutkzi_103,5.1,2; 10
Stobutkzi_104,5.1,1.1499999999999999; 10
Stobutkzi_105,6.090909090909091,4.3499999999999996; 11
Stobutkzi_106,11.0625,0.95; 16
Stobutkzi_107,55.016666666666666,0.5; 60
Stobutkzi_108,61.015151515151516,2; 66
Stobutkzi_109,35.025,4.5; 40
Stobutkzi_110,17.045454545454547,3.7330000000000001; 22
Stobutkzi_111,45.02,2.6669999999999998; 50
Stobutkzi_112,40.022222222222226,0.75; 45
Stobutkzi_113,25,CNT; >25
Stobutkzi_114,25,CNT; >25
Stobutkzi_115,10.066666666666666,0.33300000000000002; 15
Stobutkzi_116,40.022222222222226,1.9; 45
Stobutkzi_117,40.022222222222226,2; 45
Stobutkzi_118,60.01538461538462,1.333; 65
Stobutkzi_119,55.016666666666666,1; 60
Stobutkzi_120,30.02857142857143,1.5; 35
Stobutkzi_121,20.04,0.41599999999999998; 25
Stobutkzi_122,41.02173913043478,1.05; 46
Stobutkzi_123,5.1,3.08; 10
Stobutkzi_124,NA,would not swim; NA
Stobutkzi_125,1.1666666666666667,0.63300000000000001; 6
Stobutkzi_126,20.04,3; 25
Stobutkzi_127,15.05,1.667; 20
Stobutkzi_128,NA,0; 24
Stobutkzi_129,29.029411764705884,0.46600000000000003; 34
Stobutkzi_130,35.025,4.6500000000000004; 40
Stobutkzi_131,45.02,4.01; 50
Stobutkzi_132,NA,0; 20
Stobutkzi_133,40.022222222222226,45; 45
Stobutkzi_134,0.2,0.5; 5
Stobutkzi_135,0.19999999999999998,0.41699999999999998; 5
Stobutkzi_136,0.19999999999999998,8.3000000000000004E-2; 5
Stobutkzi_137,0.2,3; 5
Stobutkzi_138,0.2,1; 5
Stobutkzi_139,0.2,4.33; 5
Stobutkzi_140,0.2,0.66700000000000004; 5
Stobutkzi_141,0.2,2; 5
Stobutkzi_142,0.2,2; 5
Stobutkzi_143,0.2,2.5; 5
Stobutkzi_144,15.05,2.5; 20
JML10/6.8.A,37,"net was fished the nights of 3/4,; Fish reached max speed of flume, speed is an underestimate"
JML10/6.8.A,35.266666666666666,"5/6, 10/11, 11/12, and 12/13 August 2010"
JML10/6.8.D,37,"Fish reached max speed of flume, speed is an underestimate"
JML10/6.8.D,37,"Fish reached max speed of flume, speed is an underestimate"
JML10/6.8.D,37,"Fish reached max speed of flume, speed is an underestimate"
JML10/6.8.B,33.666666666666664,NA
JML10/8.8.C,22.75,NA
JML10/8.8.D,37,"Fish reached max speed of flume, speed is an underestimate"
JML10/8.8.E,27.62,NA
JML10/8.8.F,26.520000000000003,NA
JML10/8.8.G,34.7,NA
JML10/8.8.H,31.45,NA
JML10/11.8.49,37,"Fish reached max speed of flume, speed is an underestimate"
JML10/11.8.50,37,"Fish reached max speed of flume, speed is an underestimate"
JML10/11.8.51,37,"Fish reached max speed of flume, speed is an underestimate"
JML10/11.8.52,37,"Fish reached max speed of flume, speed is an underestimate"
JML10/11.8.53,37,"Fish reached max speed of flume, speed is an underestimate"
JML10/11.8.54,37,"Fish reached max speed of flume, speed is an underestimate"
JML10/11.8.55,37,"Fish reached max speed of flume, speed is an underestimate"
JML10/11.8.56,34.1,NA
JML10/11.8.57,37,"Fish reached max speed of flume, speed is an underestimate"
JML10/12.8.16,17.1,NA
JML10/13.8.25,5.8,head in mesh
JML10/13.8.26,4.6,NA
JML10/13.8.27,7.6,NA
JML10/13.8.28,3.7,NA
JML10/13.8.29,7.8,NA
JML10/13.8.30,4.7,NA
JML10/13.8.31,5.3,NA
JML10/13.8.32,3.9,NA
JML10/13.8.33,2.3,NA
JML10/13.8.34,4.7,NA
JML10/13.8.35,20,NA
JML10/13.8.36,11.4,NA
JML10/13.8.37,2.4,NA
JML10/13.8.38,2.1,NA
JML10/13.8.39,2.4,NA
JML10/13.8.40,3.5,NA
JML10/13.8.41,24.2,NA
JML10/11.8.20,6.091666666666667,NA
JML10/12.8.9,6.35,NA
JML10/12.8.10,25.465000000000003,NA
JML10/12.8.19,5.523333333333333,NA
JML10/13.8.1,5.058333333333334,NA
JML10/11.8.35,4.3,NA
JML10/11.8.46,4.8,NA
JML10/7.8.B,18.07,NA
JML10/11.8.31,8.625,NA
JML10/11.8.32,1.275,NA
JML10/12.8.7,11.308,NA
JML10/12.8.8,3.8658333333333332,NA
JML10/12.8.20,2.5225,NA
JML10/7.8.A,26.23,NA
JML10/11.8.1,2.8583333333333334,NA
JML10/11.8.2,7.859999999999999,NA
JML10/11.8.5,2.5741666666666667,NA
JML10/11.8.14,16.918,NA
JML10/11.8.29,16.509999999999998,NA
JML10/11.8.3,20.06,NA
JML10/11.8.4,4.77,NA
JML10/11.8.6,10.308,NA
JML10/11.8.7,8.166,NA
JML10/11.8.11,2.1866666666666665,NA
JML10/11.8.12,32.36,NA
JML10/11.8.37,16.969,NA
JML10/11.8.39,32.36,NA
JML10/11.8.40,20.11,NA
JML10/11.8.42,24.19,NA
JML10/11.8.44,24.700000000000003,NA
JML10/11.8.13,3.2199999999999998,NA
JML10/11.8.15,1.7,NA
JML10/11.8.16,3.2199999999999998,NA
JML10/11.8.17,0.7933333333333333,NA
JML10/11.8.18,3.2199999999999998,NA
JML10/11.8.19,3.7366666666666664,NA
JML10/11.8.21,1.275,NA
JML10/11.8.23,12.685,NA
JML10/11.8.24,32.156,NA
JML10/11.8.25,0.8925,NA
JML10/11.8.26,3.2199999999999998,NA
JML10/11.8.27,20.366,NA
JML10/11.8.28,2.1866666666666665,NA
JML10/11.8.30,4.511666666666667,NA
JML10/11.8.33,2.1866666666666665,NA
JML10/11.8.34,3.6075,NA
JML10/11.8.36,3.995,NA
JML10/11.8.38,13.96,NA
JML10/11.8.41,32.34,NA
JML10/11.8.43,20.11,NA
JML10/11.8.45,5.82,NA
JML10/11.8.47,21.375,NA
JML10/11.8.48,14.725000000000001,NA
JML10/12.8.1,11.94270000000002,NA
JML10/12.8.2,7.85,NA
JML10/12.8.3,3.7883333333333336,NA
JML10/12.8.4,3.7883333333333336,NA
JML10/12.8.5,4.6925,NA
JML10/12.8.11,2.0575,NA
JML10/12.8.12,1.8766666666666665,NA
JML10/12.8.13,12.45,NA
JML10/12.8.14,23.945,NA
JML10/12.8.15,26.75,NA
JML10/12.8.17,25.22,NA
JML10/12.8.18,18.06,NA
JML10/12.8.21,21.936,NA
JML10/12.8.22,24.71,NA
JML10/12.8.23,25.475,NA
JML10/12.8.24,7.146,NA
JML10/12.8.25,31.85,NA
JML10/12.8.26,20.099999999999998,NA
JML10/12.8.27,31.85,NA
JML10/12.8.28,2.1866666666666665,NA
JML10/12.8.29,23.935000000000002,NA
JML10/12.8.30,13.735,NA
JML10/13.8.2,2.1866666666666665,NA
JML10/13.8.3,3.2199999999999998,NA
JML10/13.8.4,0.85,NA
JML10/13.8.5,3.995,NA
JML10/13.8.6,3.995,NA
JML10/13.8.7,2.810833333333333,NA
JML10/13.8.8,0.14166666666666666,NA
JML10/13.8.9,6.833333333333333,NA
JML10/13.8.10,6.274166666666666,NA
JML10/13.8.11,28.3,NA
JML10/13.8.12,0.4533333333333333,NA
JML10/13.8.13,1.9283333333333332,NA
JML10/13.8.14,25.21,NA
JML10/13.8.15,29.290000000000003,NA
JML10/13.8.17,2.445,NA
JML10/13.8.18,5.5649999999999995,NA
JML10/13.8.19,1.5583333333333331,NA
JML10/13.8.20,4.511666666666667,NA
JML10/13.8.21,4.15,NA
JML10/13.8.22,1.9283333333333332,NA
JML10/13.8.23,23.17,NA
JML10/13.8.24,8.370000000000001,NA
NA,0.425,NA
NA,24.047,NA
NA,11.277,NA
NA,22.252000000000002,NA
NA,0.22666666666666666,NA
NA,0.425,NA
NA,0.2833333333333333,NA
NA,0.425,NA
NA,12.43,NA
NA,2.8325,NA
NA,2.961666666666667,NA
NA,19.295,NA
NA,9.492,NA
NA,2.0316666666666667,NA
NA,1.67,NA
NA,11.175,NA
JML05/1.12.a,23.13,NA
JML05/1.12.b,27.44,NA
JML05/1.12.c,21.29,NA
JML05/1.12.d,26.95,NA
JML05/1.12.e,33.59,NA
JML05/1.12.f,22.71,NA
JML05/1.12.g,21.72,NA
JML05/1.12.h,22.57,NA
JML05/1.12.i,23.42,NA
JML05/1.12.j,25.96,NA
JML05/1.12.k,25.96,NA
JML05/1.12.l,23.42,NA
JML05/2.12.a,36.14,NA
JML05/2.12.b,23.42,NA
JML05/2.12.c,22.57,NA
JML05/2.12.d,23.42,NA
JML05/2.12.e,31.05,2 fish in lane 5
JML05/2.12.f,44.62,2 fish in lane 5
JML05/2.12.g,31.05,specimen lost
JML05/2.12.h,22.57,NA
JML05/2.12.i,23.42,NA
JML05/2.12.j,28.5,NA
JML05/2.12.k,29.78,NA
JML05/2.12.l,28.5,NA
JML05/2.12.n,22.57,NA
JML05/2.12.o,27.66,NA
JML05/2.12.p,26.81,NA
JML05/2.12.q,35.29,NA
JML05/2.12.r,28.5,vial dried out before measurement of SL
JML05/2.12.s,35.29,NA
JML05/2.12.t,33.17,NA
